type,caption,comments_count,likes_count,timestamp
Sidecar,"plot twist prices just dropped like majorly 

tc apply

myzudio",36,2563,2025-08-07 10:05:50+00:00
Image,"weve dropped the prices not the love everything you love now at 399 or less

tc apply

myzudio",51,2491,2025-08-06 18:32:21+00:00
Image,"weve dropped the prices not the love everything you love now at 399 or less

tc apply

myzudio",4,914,2025-08-06 18:31:13+00:00
Video,"why watch others when you can wear it first 

myzudio",34,3080,2025-08-09 06:30:15+00:00
Video,"brace yourselffomos about to hit 

myzudio",14,888,2025-08-08 12:33:27+00:00
Video,"affordable adorable check  check 

tc apply

myzudio",26,2478,2025-08-07 15:20:20+00:00
Video,"retail therapy  real therapy 

myzudio",35,2051,2025-08-09 15:11:15+00:00
Video,"tried making plans everyones busy apparently 

tc apply

myzudio",40,2079,2025-08-05 08:29:51+00:00
Video,"we said no more shoppingthen zudio dropped a sale 

tc apply

myzudio",19,2350,2025-08-06 08:42:58+00:00
Video,"this is not a drill  its 399 or less now 

tc apply

myzudio",269,31545,2025-08-07 05:29:50+00:00
Image,"sale is live and love is officially in the store

tc apply

myzudio",56,2311,2025-07-30 18:31:21+00:00
Image,"weve dropped the prices not the love everything you love now at 399 or less

tc apply

myzudio",120,1455,2025-08-06 18:33:11+00:00
Video,"hands off my style 
sale is live
499 or less 
tc apply

myzudio",215,11249,2025-07-31 03:30:32+00:00
Sidecar,"prices just dropped temperatures just rose

tc apply

myzudio",78,5958,2025-08-01 15:13:09+00:00
Image,"sale is live and love is officially in the store

tc apply

myzudio",359,3942,2025-07-30 18:32:41+00:00
Video,"love starts at the door so does the sale

sale is live

tc apply

myzudio",87,6625,2025-08-01 09:28:39+00:00
Sidecar,"pov you saw the prices and forgot how to blink 

tc apply

myzudio",38,1838,2025-08-02 14:01:46+00:00
Video,"pov you saw the prices and forgot how to blink 

tc apply

myzudio",114,18828,2025-08-02 08:39:21+00:00
Image,"sale is live and love is officially in the store

tc apply

myzudio",154,5045,2025-07-30 18:32:04+00:00
Sidecar,"which fit are you picking first tell us in the comments

sale is live
499 or less 
tc apply

myzudio",920,88720,2025-07-31 08:38:21+00:00
Video,"countdown begins zudio sale goes live tomorrow set a reminder

myzudio",145,5108,2025-07-30 14:34:07+00:00
Video,"this is your sign get up go shop now

tc apply

myzudio",95,12837,2025-08-03 11:32:02+00:00
Video,"last season we walked the runway this season were watching whos next  submit your walk walktheaww zudiorunway

tc apply

walktheaww 
myzudio",32,2915,2025-07-17 13:50:14+00:00
Sidecar,"drumroll please  
we found the faces that made us say aww with their walks 

myzudio walktheaww",80,2594,2025-07-25 06:07:39+00:00
Video,"clocks ticking runways waiting you youve got 2 days and chance to walktheaww

tc apply

walktheaww 
zudiorunway 
myzudio",37,1051,2025-07-18 15:03:18+00:00
Video,"the zudio runway is back and its your turn to serve 
step up and send in your walk

tc apply

walktheaww thezudiorunway
myzudio",30,1839,2025-07-18 05:54:29+00:00
Sidecar,"the next face of zudio is waiting to be discovered could it be you walktheaww

tc apply

walktheaww
myzudio",38,2873,2025-07-13 06:01:02+00:00
Sidecar,"you are the next face of zudio
swipe 

walktheaww
myzudio 

tc apply",115,1387,2025-07-11 15:18:12+00:00
Video,"follow the 

myzudio",56,4815,2025-07-28 14:28:01+00:00
Video,"face of zudio the spotlight could be yours walktheaww

tc apply

walktheaww 
myzudio",50,2908,2025-07-14 06:24:29+00:00
Image,"cuter than your everyday fruit bowl 
myzudio",18,779,2025-06-18 15:01:15+00:00
Video,"your closet just texted it needs this 
myzudio",85,18729,2025-06-26 13:39:28+00:00
Video,"all these hearts are dropping a secret are you ready to catch it 

myzudio",221,16124,2025-07-29 14:36:17+00:00
Video,"rainproof kicks just in 
myzudio",81,21403,2025-06-20 11:33:29+00:00
Video,"me not buying anything this month 
also me at the zudio sale 

tc apply

myzudio",231,32374,2025-07-31 15:38:47+00:00
Video,"turn the store into your stage or your skate park either wayeyes on you walktheaww

tc apply

walktheaww 
myzudio",51,5377,2025-07-14 14:35:46+00:00
Video,"drop an aww  in the comments to find out whats coming 

myzudio",3894,1934,2025-07-09 12:46:12+00:00
Video,"no bad sides just vibes  

myzudio",102,1804,2025-06-30 14:12:47+00:00
Video,"last day left to be the next face of zudio 
drop a  if you have already entered

tc apply

walktheaww 
myzudio",179,1679,2025-07-19 08:19:23+00:00
Sidecar,"this set belongs in your fit lore 

myzudio",38,1181,2025-06-29 14:35:37+00:00
Video,"if drip too hard were a group project 3 

myzudio",73,4812,2025-07-02 13:44:07+00:00
Video,"tap on the circle to skip the fomo 
myzudio",194,11411,2025-06-27 10:10:01+00:00
Video,"caught a vibe and dressed for it 
myzudio",23,968,2025-06-15 11:27:23+00:00
Video,"this fridays forecast fruity with a chance of florals 
myzudio",4,865,2025-06-13 15:01:36+00:00
Sidecar,"brunch besties  any other plans 
myzudio",69,11289,2025-06-14 13:20:45+00:00
Video,"guess whats making a comeback

myzudio",101,1175,2025-07-11 05:33:49+00:00
Video,"which alter ego are you picking today
myzudio",12,1680,2025-06-18 11:31:52+00:00
Video,"accessorize like its self care
myzudio",23,3355,2025-06-17 15:00:28+00:00
Video,"headtotoe serve yeah we understood the assignment 

myzudio",61,4411,2025-06-08 11:29:43+00:00
Video,"me i dont need more basics 
also me 

myzudio",29,1447,2025-06-09 14:05:20+00:00
Video,"us in our denim era

myzudio",60202,2979,2025-06-07 11:30:00+00:00
Sidecar,"we heard hearts skipped a beat
might be the price drops 

tc apply

myzudio",60,3352,2025-08-03 14:37:59+00:00
Video,"steps in sync 
myzudio",28,2899,2025-06-24 12:05:12+00:00
Video,"how many are you gonna grab 
myzudio",67,18038,2025-06-13 13:14:09+00:00
Sidecar,"if these tees could talk theyd be yappers fs 

myzudio",16,648,2025-06-08 15:10:19+00:00
Video,"the forecast says rain we say new kicks 
myzudio",16,1184,2025-06-24 05:30:18+00:00
Video,"whether hes behind the mic or behind the wheel the track always hits 

myzudio",25,816,2025-05-23 11:42:39+00:00
Sidecar,"if you ask us we love all fits
 myzudio",20,1370,2025-06-17 12:51:10+00:00
Video,"friday mood dripped in denim 

myzudio",51,720,2025-05-30 13:34:57+00:00
Sidecar,"just out here dressing like i mean it 

myzudio",26,2203,2025-05-31 13:30:00+00:00
Sidecar,"goa gave her the vibe she gave it a soundtrack 

myzudio",33,1376,2025-05-17 11:30:00+00:00
Video,"documenting good days and great fits

myzudio",83,6184,2025-06-02 11:29:21+00:00
Video,"its giving runway showdown but the venue is anywhere you step

myzudio",69303,955,2025-06-04 12:38:46+00:00
Video,"lowkey intro highkey vibe
micahs here 

myzudio",8,696,2025-05-22 14:21:17+00:00
Video,"dripping in citrus and sass
myzudio",21,1083,2025-06-16 14:17:32+00:00
Sidecar,"swipe to see some outfit combos youll want to copy and paste everywhere this month 

myzudio",45,1364,2025-06-06 11:31:43+00:00
Video,"pov the cctv caught us serving zummer 

myzudio zummer thezummerrunway",54,2609,2025-05-04 13:30:00+00:00
Video,"zummer fits hotter than our group chat tea 

myzudio zummer thezummerrunway",66,1706,2025-05-07 11:31:43+00:00
Image,"your style has a sound whats your fit saying today

myzudio",6,490,2025-05-13 09:23:49+00:00
Video,"one drop too many moods

myzudio",101,516,2025-05-29 14:18:06+00:00
Sidecar,"we said walk and they heard serve

myzudio zummer thezummerrunway",16,2070,2025-05-06 06:30:00+00:00
Video,"tried all the zummer trends that are in rn at zudio which one are you picking 

myzudio zummer",50,2870,2025-05-10 13:31:08+00:00
Sidecar,"basics never basic

myzudio",119,8996,2025-06-29 05:32:59+00:00
Video,"look closely to find your next fav  

myzudio",78,587,2025-06-03 12:30:00+00:00
Sidecar,"rushakis world is part melody part moodboard in goas calm she found her sound and her style 

myzudio",77,1993,2025-05-16 11:32:11+00:00
Sidecar,"catch him in the studio or on your playlist either way its a whole vibe

myzudio",53,1502,2025-05-24 11:30:13+00:00
Video,"coming soon fits and songs youre gonna play on loop 

myzudio",15,852,2025-05-15 11:38:25+00:00
Image,"if your mood board had a soundtrack this is what itd look like stay tuned 

myzudio",5,672,2025-05-13 11:43:26+00:00
Video,"tried the zummer fits now were in our runway era  

myzudio zummer thezummerrunway",33,1804,2025-04-26 13:20:26+00:00
Video,"cant commit to a plan but can commit to denim 

myzudio",71,2995,2025-06-01 13:27:36+00:00
Video,"not just a show its a cultural reset 

myzudio zummer thezummerrunway",25,969,2025-04-17 11:29:31+00:00
Video,"the zummer runway  vol 01

myzudio zummer thezummerrunway",49,1703,2025-04-18 15:42:56+00:00
Image,"tune in for fits that linger like a song stuck in your head 

myzudio",13,441,2025-05-13 13:22:31+00:00
Sidecar,"if you felt the zummer energy through these pics same 

myzudio zummer thezummerrunway",44,6793,2025-04-19 08:35:00+00:00
Video,"these runway fits just hit different irl 

myzudio zummer thezummerrunway",53,1609,2025-04-24 14:46:17+00:00
Sidecar,"fresh off the runway the trends youre about to see everywhere 
 pick your fav from the drop

myzudio zummer thezummerrunway",63,5718,2025-04-20 12:45:37+00:00
Sidecar,"backstage chaos but make it aesthetic

myzudio zummer thezummerrunway",24,6527,2025-04-25 11:30:00+00:00
Sidecar,"caught the faces of zummer being iconic off the runway 

myzudio zummer thezummerrunway",27,2877,2025-05-01 11:30:00+00:00
Sidecar,"she came she walked she zummered 

myzudio zummer thezummerrunway",141,2851,2025-04-21 13:32:35+00:00
Video,"warning mirror may reflect  too much drip

myzudio zummer thezummerrunway",15,858,2025-04-20 09:38:13+00:00
Video,"the zummer runway  vol 2

myzudio zummer thezummerrunway",38,854,2025-05-02 11:31:34+00:00
Video,"serving twinergy with a side of zummer fits 

myzudio zummer",38,1876,2025-04-11 14:09:31+00:00
Image,"serving runway realness real soon 

myzudio zummer thezummerrunway",36,618,2025-04-13 05:31:16+00:00
Video,"the backstage is buzzing and the runways loading 

myzudio zummer thezummerrunway",23,1256,2025-04-18 08:58:53+00:00
Sidecar,"zummer runway gallery dump because how could we not 

myzudio zummer thezummerrunway",16,2926,2025-05-03 11:30:00+00:00
Sidecar,"zummer wishlist

myzudio zummer",12,1443,2025-04-07 12:26:13+00:00
Image,"zummer forecast 100 chance of fashion 

myzudio zummer thezummerrunway",7,581,2025-04-13 11:30:00+00:00
Video,"zummer fits got me dancing through life 

myzudio zummer",21,1954,2025-04-07 15:06:38+00:00
Sidecar,"matcha in hand accessories on point vibes unmatched 

myzudio zummer thezummerrunway",42,6119,2025-05-08 12:32:54+00:00
Video,"meet the faces of zudio with unreal energy walkin the zummer runway real soon 

myzudio zummer thezummerrunway",99,1084,2025-04-15 15:01:57+00:00
Sidecar,"zummer diaries sunshine good vibes and outfits that ate 

myzudio zummer",10,1941,2025-04-09 15:07:07+00:00
Image,"the zummer secret youre not ready for 

myzudio zummer thezummerrunway",9,456,2025-04-13 13:30:00+00:00
Sidecar,"lowkey just vibed my way into a zudio campaign and now im on all their screens  face of zudio ftw 

myzudio zummer bethefaceofzudio",52,1758,2025-04-05 12:14:19+00:00
Video,"just two cuties chasing sunsets and serving zummer lewks 

myzudio zummer",39,2609,2025-04-08 13:54:03+00:00
Video,"manifesting a life where every transition  a new zummer fit

myzudio zummer",31,6130,2025-04-06 12:00:00+00:00
Sidecar,"pov you snuck backstage at the zummer runway 

myzudio zummer thezummerrunway",31,7505,2025-04-17 09:38:13+00:00
Video,"the 10 reasons everyones in love this week 

tc apply

myzudio",86,6765,2025-08-05 14:32:04+00:00
Sidecar,"suns out vibes up 
whats your zummer vibe spill in the comments 

myzudio zummer",14,1300,2025-03-30 11:30:00+00:00
Video,"zummer is the upgrade you didnt know you needed 

myzudio zummer",6,501,2025-03-22 13:48:59+00:00
Video,"dressed to glow born to zummer






zummer ootd transition fashion summeroutfits zudio zudiofashion zudioindia fashioncreator",217,17788,2025-03-27 14:32:37+00:00
Video,"if you miss this fridays drop the fomo will live rentfree in your head 

myzudio zummer",9,801,2025-04-03 12:21:45+00:00
Sidecar,"zummer vibe check you in or what 

myzudio zummer",49,2663,2025-03-25 13:02:18+00:00
Video,"the zummer anthem is here now make it your own  

use this template show us how youre zummerin and tag myzudio to get featured 

myzudio zummer",16,810,2025-03-23 11:33:04+00:00
Video,"serving zummer energy on max volume 

myzudio zummer",20,1846,2025-03-29 11:45:46+00:00
Video,"fomo friday just entered its zummer era 

myzudio zummer",13,645,2025-04-04 12:04:47+00:00
Video,"read the signs decode the vibe zummer is closer than you think 

myzudio zummer",15,1204,2025-03-20 13:00:00+00:00
Video,"we saw this top on the zummer runway and said mine now 

myzudio zummer thezummerrunway",39,3676,2025-05-06 12:29:45+00:00
Sidecar,"these fits screaming zummmerrr 

myzudio zummer",13,2237,2025-03-28 08:01:47+00:00
Video,"the beats the chaos the vibes  sneak peek of the madness that made zummer 

myzudio zummer",6,783,2025-03-24 12:08:23+00:00
Sidecar,"denim  sporty fits taking over and were 100 here for it 

myzudio",21,2820,2025-03-10 14:04:36+00:00
Video,"tank tops that do the most so you dont have to 

myzudio",43,3266,2025-03-11 08:30:00+00:00
Video,"you heard that things are about to change 

myzudio zummer",17,1036,2025-03-19 12:59:58+00:00
Image,"summer got left on read  
stay tuned to know why 

myzudio",12,595,2025-03-15 13:31:06+00:00
Video,"z is coming but what does it stand for guess in the comments 

myzudio",22,642,2025-03-17 13:50:34+00:00
Video,"fit check sporty cute and ready to roll 

myzudio",8,1863,2025-03-10 10:05:55+00:00
Video,"from jorts to carpenter jeans every fits a w with boxy shirts

myzudio",32,4878,2025-03-08 12:45:00+00:00
Sidecar,"the sporty denim takeover is here 

myzudio",33,2125,2025-03-11 13:30:56+00:00
Image,"summer dont know her 

myzudio",18,597,2025-03-14 13:30:00+00:00
Video,"im at unmaadiimb and everywhere i turn zudios got something cooler 

myzudio",34,4571,2025-02-22 09:00:30+00:00
Video,"mic check vibe check 
unmaad is about to hit different 

myzudio",28,2023,2025-02-21 10:12:38+00:00
Image,"unfollowing summer this year

myzudio",12,551,2025-03-16 13:30:30+00:00
Video,"sporty meets denim this fomo friday and its a total match 

myzudio",2,583,2025-03-07 13:11:20+00:00
Image,"grab the trends in stores now or feel the fomo later youve been warned 

myzudio",9,614,2025-03-03 13:58:33+00:00
Video,"summer just got replaced 

myzudio zummer",11,629,2025-03-18 15:10:42+00:00
Video,"brb never wearing my tees the same way again 

myzudio",35,2164,2025-02-12 13:26:17+00:00
Video,"real friends share playlists best friends share giveaways  

step 1 follow myzudio 
step 2 tag a bestie whos pulling up with you 
step 3 keep an eye on our stories for more 

valid for bangalore peeps
tc apply

myzudio",113,964,2025-02-16 13:30:53+00:00
Video,"bow down to the cutest trend ever 

myzudio",16,1452,2025-02-28 13:07:07+00:00
Video,"trend alert everyones walking in style 

myzudio",37,1694,2025-02-09 13:52:23+00:00
Video,"did a trend check and denim is having its moment 
dont miss it 

myzudio",54,7533,2025-02-09 05:53:34+00:00
Video,"this duo unbeatable sporty meets street and were obsessed 

myzudio",34,3348,2025-03-09 09:56:02+00:00
Video,"flashback to a weekend well never get over from  
zudio presents unmaadiimb 

myzudio",19,1297,2025-02-26 13:00:00+00:00
Sidecar,"score these looks before theyre gone which ones a 1010 

myzudio",5,1432,2025-03-08 05:35:11+00:00
Video,"sliders that match every fit 
which one are you vibing with

myzudio",32,1969,2025-02-03 13:30:00+00:00
Sidecar,"you are what you wear 

whats your denim personality 

myzudio",13,1836,2025-02-07 14:30:00+00:00
Sidecar,"swipe to step into whats trending this szn 

myzudio",18,2174,2025-02-02 05:30:00+00:00
Video,"bangalore clear your schedule zudios taking over unmaad

myzudio",20,1545,2025-02-15 13:30:00+00:00
Video,"level up your drip in zudio style 

myzudio",42,2507,2025-03-04 14:26:52+00:00
Video,"photo dump 101 take notes 

myzudio",28,1829,2025-02-10 14:22:55+00:00
Video,"fridays can only mean one thing  
tell us in the comments

myzudio",6,489,2025-02-06 13:38:29+00:00
Video,"running late because one fit is never enough 

myzudio",40,3578,2025-02-10 11:41:20+00:00
Video,"these sliders are all over the internet and soon your closet 

myzudio",15,1562,2025-02-01 13:35:00+00:00
Video,"zummer rule 101 if the anthem plays you dance 

myzudio zummer",42,2720,2025-03-28 12:31:11+00:00
Video,"serving goals in denim 

myzudio",4,724,2025-03-06 13:34:15+00:00
Video,"spotted your next style obsession 

myzudio",38,1541,2025-01-31 13:39:56+00:00
Sidecar,"pov you just found the tee 

drop a  if you agree

myzudio",18,1554,2025-02-11 13:37:01+00:00
Video,"this friday  denim coded 

myzudio",3,880,2025-02-07 10:36:09+00:00
Video,"who did it better me or him 
let us know 

myzudio 

tc apply",211,7959,2025-01-16 13:32:35+00:00
Video,"zooming in on the next big thing 

myzudio",18,1858,2025-01-20 13:28:19+00:00
Video,"your sign to add mocha mousse to every look 

myzudio",17,2204,2025-01-30 14:30:27+00:00
Video,"weekly forecast spring coded outfits incoming 

myzudio",36,1250,2025-01-28 13:30:00+00:00
Video,"fomo friday drops got us dancing 

myzudio",0,16,2025-01-10 13:59:45+00:00
Video,"its giving spring 
drop a  in the comments 

myzudio",59,1658,2025-01-24 13:34:06+00:00
Video,"walked into 2025 with unmatched drip at an unmatched price 

myzudio 

tc apply",23,4411,2025-01-07 13:27:26+00:00
Video,"behind the lens to on top of the trends 

myzudio",13,1774,2025-01-25 13:30:00+00:00
Sidecar,"trends that will hit different this season  
which ones your fav

myzudio",18,1524,2025-01-21 14:46:35+00:00
Video,"our spring vision board is ready  

what trend would you add in yours  

myzudio",9,812,2025-01-27 13:39:23+00:00
Video,"new besties loading

tag your besties 

myzudio",34,1638,2025-01-23 13:51:53+00:00
Video,"isnt this the most stylish pitstop 

myzudio",34,3358,2025-01-11 13:29:57+00:00
Video,"your midsale new style upgrade delivered 
fomo friday is here 

myzudio",30,3707,2025-01-10 15:05:00+00:00
Video,"polos are having a moment 
comment in if youre going to try em next 

myzudio",40,1444,2025-01-29 14:00:00+00:00
Video,"when working out is your resolution but you also love the zudio sale 

myzudio

tcs apply",56,9608,2025-01-04 15:00:00+00:00
Sidecar,"pro tip shop fast 

myzudio 

tc apply",184,7518,2025-01-15 10:27:07+00:00
Image,"everything sale at 499 or less

myzudio 

tcs apply",17,1105,2024-12-31 05:53:45+00:00
Video,"pov youre the chosen one 

myzudio 

tc apply",40,8851,2025-01-09 12:40:13+00:00
Video,"no more secrets sale prices dropped to 299 or less 

myzudio 

tc apply",97,3351,2025-01-14 18:31:09+00:00
Video,"pov you told yourself youd only buy one thing but the zudio sale had other plans 

myzudio 

tcs apply",60,6615,2025-01-02 08:41:02+00:00
Image,"everything sale at 499 or less

myzudio 

tcs apply",154,3762,2024-12-31 05:54:04+00:00
Video,"drop a  if youre ready for the new szn

myzudio",29,1077,2025-01-22 14:32:49+00:00
Video,"we asked they spilled zudio sale  1010 vibes 

myzudio 

tcs apply",344,44724,2025-01-02 13:27:51+00:00
Video,"turning every hour into golden hour with this fit 

myzudio",113,3234,2024-12-20 15:05:46+00:00
Image,"everything sale at 499 or less

myzudio 

tcs apply",159,1926,2024-12-31 05:54:22+00:00
Video,"she came she shopped she conquered and then shopped some more 

myzudio 

tcs apply",158,11918,2024-12-31 13:30:01+00:00
Sidecar,"highkey obsessed with these sale fits  

which one are you picking slide 1 slide 2 slide 3 or slide 4

everything on sale at 499 or less shop now

myzudio 

tcs apply",47,2920,2025-01-01 13:34:56+00:00
Video,"add to cart more like add everything 

myzudio 

tc apply",20,1446,2025-01-08 12:43:06+00:00
Video,"you dont need girl math when the outfits are so good and the prices are so low 

myzudio 

tcs apply",61,8646,2025-01-03 14:30:59+00:00
Video,"bts of us getting excited for the big day tomorrow 

myzudio

tcs apply",228,34435,2024-12-30 13:34:40+00:00
Video,"the sale brings out all kinds of personalities spot your twin tell us which one you are 

myzudio 

tcs apply",72,6719,2025-01-05 11:30:00+00:00
Video,"comment secret and we reply with a hint

myzudio

tcs apply",3135,6965,2024-12-29 14:42:02+00:00
Video,"run to your nearest store now and make sure youre faster than the rest 

myzudio 

tcs apply",191,16468,2024-12-30 18:30:41+00:00
Video,"real ones sync without trying 

myzudio",62,2583,2024-12-08 12:33:56+00:00
Video,"three guys one mission light up the party 

myzudio",68,7043,2024-12-19 12:30:00+00:00
Video,"serving full disco ball energy

myzudio",28,2852,2024-12-18 13:30:00+00:00
Video,"december feels like a party and were dressed for it 

myzudio",60,2256,2024-12-14 13:18:17+00:00
Sidecar,"find these fits and more on sale for just 499 or less 

drop an emoji to show how youre feeling about the zudio sale 

myzudio 

tcs apply",28,3366,2025-01-04 12:14:00+00:00
Video,"every great journey begins with a single step into the zudio sale 

sale at 499 or less 

myzudio

tcs apply",23,4967,2025-01-03 09:26:31+00:00
Video,"just 2 sisters ready to set the party on 

myzudio",57,3744,2024-12-15 13:22:41+00:00
Video,"denim on repeat 

myzudio",278,19696,2024-12-11 13:18:21+00:00
Video,"comment below the different styles of jeans you know of

myzudio",9,574,2024-12-04 11:28:09+00:00
Sidecar,"comment your fave  bet its all of them 

myzudio",19,737,2024-12-05 11:30:00+00:00
Video,"who wore it best 
trick question we all did 

myzudio",38,3214,2024-12-10 14:16:05+00:00
Video,"fomo friday feat your fashion fit  

myzudio",13,1009,2024-12-06 13:04:16+00:00
Sidecar,"your denim dreams just came true 
swipe for proof 

myzudio",9,1101,2024-12-07 12:45:40+00:00
Video,"pov your fit and your fav treats are in sync 

myzudio",28,2562,2025-01-26 14:06:15+00:00
Sidecar,"chill guy got nothing on us 

myzudio",23,2332,2024-11-23 13:19:21+00:00
Video,"flexing our fits in every angle 

myzudio",17,1017,2024-11-21 14:10:07+00:00
Video,"edit colder than the weather 

myzudio",39,2372,2024-11-30 15:30:02+00:00
Video,"our stylist has four legs and she never misses 

myzudio",41,2972,2024-11-24 12:35:00+00:00
Video,"out here looking cooler than the weather 

myzudio",26,1716,2024-11-22 13:40:31+00:00
Video,"living the dream mountain life

comment your favourite mountain town 

myzudio",34,3643,2024-11-28 15:28:57+00:00
Image,"comment the number of years spent 

myzudio",26,359,2024-12-03 11:30:00+00:00
Video,"straight outta your winter pinterest moodboard 

myzudio",67,3634,2024-12-01 14:30:00+00:00
Video,fomofriday myzudio,15,634,2024-12-01 08:55:02+00:00
Video,"winter cheat codes unlocked 

myzudio",44,3874,2024-11-29 15:01:19+00:00
Video,"fomo friday but make it  

myzudio",14,801,2024-12-14 14:46:25+00:00
Video,"if teleporting to different cities was this cool 

myzudio",71,5248,2024-11-20 13:27:46+00:00
Video,"just a super chill banter between cities
let us know how your city will reply to this chat 

myzudio",19,941,2024-11-10 12:30:00+00:00
Video,"move away hot girl summer its time for cool girl winter 

zudios got your city covered
stay tuned

myzudio",23,667,2024-11-07 12:45:00+00:00
Image,"words cant describe how we feel about winter but a song can  start commenting now 

myzudio",20,470,2024-11-08 13:04:03+00:00
Video,"brring on the chill 

myzudio",34,1251,2024-11-11 13:23:14+00:00
Image,"winter calls for some roasting 

myzudio",231,711,2024-11-12 12:37:18+00:00
Video,"are you ready to chill with us 

myzudio",22,1379,2024-11-14 13:29:00+00:00
Video,"which city are you planning to travel to this szn myzudio has got you sorted 

myzudio",22,848,2024-11-18 15:06:15+00:00
Image,"winters here  lets see what your keyboard thinks about it 

myzudio",142,1097,2024-11-06 12:35:27+00:00
Sidecar,"this diwali memes a lot to us 

myzudio",18,2004,2024-10-31 13:09:01+00:00
Video,"no matter how winter hits were coming with a fit

myzudio",38,1197,2024-11-15 15:12:59+00:00
Video,"your next denim obsession closer than you think 

myzudio",13,817,2024-12-02 13:04:16+00:00
Video,"picking fits is going to be snow much fun 

myzudio",20,972,2024-11-16 14:16:47+00:00
Video,"hoodie thief applications open apply now 

myzudio",22,2031,2024-11-17 14:18:02+00:00
Video,"catch us in myzudio diwali fits everywhere this szn 

myzudio",123,24561,2024-10-26 11:45:05+00:00
Sidecar,"festive fits call for more pics 

myzudio",18,3394,2024-10-13 12:29:31+00:00
Video,"diwali party fits just got lit 

myzudio",19,709,2024-10-29 12:35:34+00:00
Video,"rate our looks from 1 to damn 

myzudio",16,1154,2024-10-18 12:04:59+00:00
Video,"we dont just touch up we glow up 

myzudio",34,1285,2024-10-17 11:30:25+00:00
Video,"the energy we bring to the function is unmatched 

myzudio",43,2969,2024-10-25 13:02:38+00:00
Sidecar,"when the sun goes down the style game goes up 

myzudio",28,2624,2024-10-21 14:11:50+00:00
Video,"whats getting ready without some desi drama 

myzudio",78,3662,2024-10-31 06:53:36+00:00
Sidecar,"getting ready for is the main event 

myzudio",17,4092,2024-10-18 15:16:17+00:00
Sidecar,"pujo vibe with a lot of style

zudio myzudio",7,4356,2024-10-03 14:10:41+00:00
Sidecar,"be a showstopper at every pandal 

myzudio",20,2111,2024-10-05 13:33:07+00:00
Video,"from eating laddoos to eating up these looks were doing it all 

myzudio",34,1897,2024-10-20 05:30:00+00:00
Video,"arriving in style for pujo 

myzudio",8,1764,2024-10-02 13:35:28+00:00
Video,"got chased by the fashion police they said i pass the vibe check 

myzudio",18,1907,2024-09-25 09:18:01+00:00
Video,"work is 95 but fashion is 24x7 

myzudio",39,1299,2024-09-25 14:54:04+00:00
Video,"were not twinning were zudioing this pujo 

stay tuned were taking you on a festive ride 

myzudio",23,2793,2024-09-28 12:48:59+00:00
Video,"pujo is incomplete without pet pujo 

myzudio",9,1412,2024-09-29 13:28:18+00:00
Video,"the green flag in your keyboard is missing because hes here  

myzudio",17,2172,2024-09-26 14:59:47+00:00
Video,"move aside diwali drip incoming 

myzudio",13,1666,2024-10-17 14:19:42+00:00
Video,"this pujo will be no less than a party 

myzudio",107,27816,2024-10-04 14:29:18+00:00
Video,"stepping into a new era dussehra 

myzudio",49,1718,2024-10-11 13:54:07+00:00
Video,"dussehra fits to make you feel golden  

myzudio",96,1703,2024-10-12 13:34:27+00:00
Image,"hes not a green flag but the entire forest

myzudio",11,1065,2024-09-24 10:55:49+00:00
Sidecar,"swipe for some onam vibes 

myzudio  zudio",22,2947,2024-09-07 14:02:58+00:00
Video,"according to my girl math im not broke im just fabulous  

myzudio",8,1967,2024-09-21 10:34:23+00:00
Video,"taking casual dress codes seriously this diwali 

myzudio",136,7822,2024-10-26 14:26:26+00:00
Image,"they dont talk much but their rizz does 

myzudio",8,1193,2024-09-23 14:56:54+00:00
Video,"his fashion game is on point and he knows it  

myzudio",38,1921,2024-09-22 06:18:42+00:00
Video,"fits for every rizz stay tuned 

myzudio zudio",18,647,2024-09-14 12:25:04+00:00
Video,"pov this pookie is about to steal your heart 

myzudio",17,1284,2024-09-23 13:06:05+00:00
Image,"know someone who identifies as a brat tell them we said hi 

myzudio zudio",7,996,2024-09-17 14:21:57+00:00
Image,"we can tell that they never miss a fit check 

myzudio",4,536,2024-09-24 06:53:13+00:00
Image,"p for pookie p for princess coincidence 
i think not 

myzudio",5,916,2024-09-19 13:16:52+00:00
Image,"its his world and were just living in it 

myzudio",12,1073,2024-09-18 12:32:21+00:00
Sidecar,"ceo of fitposting 

shop the aw 24 collection in your nearest zudio store now

myzudio zudio whatsinisyou",21,1864,2024-09-02 13:53:03+00:00
Video,"the onam plan that made it out of the groupchat  

myzudio zudio",113,5664,2024-09-06 13:39:44+00:00
Video,"my wfh assignment to look like a 1010 

shop the aw 24 collection in your nearest zudio store now

myzudio zudio whatsinisyou",16,4432,2024-08-31 12:56:37+00:00
Sidecar,"do any of these bags belong to your friends 

myzudio zudio",11,601,2024-09-15 13:51:09+00:00
Video,"aw szn episode 5 you your kinda hang 

shop the aw 24 collection in your nearest zudio store now

myzudio zudio whatsinisyou",7,620,2024-08-31 08:36:50+00:00
Video,"ready to serve some major festive inspo

myzudio zudio",51,4816,2024-09-05 13:44:18+00:00
Sidecar,"now accepting compliments and blessings 

myzudio zudio

are you excited",3,854,2024-09-04 15:48:10+00:00
Video,"aw szn episode 6 you your go to  1 

shop the aw 24 collection in your nearest zudio store now

myzudio zudio whatsinisyou",16,804,2024-09-01 15:23:08+00:00
Video,"were entering a new vatavaran

myzudio zudio staytuned",3,528,2024-09-04 14:15:13+00:00
Video,"aw szn episode 4 you your escape plan 

myzudio zudio",13,579,2024-08-29 14:10:27+00:00
Video,"pov i woke up and chose me 

shop the aw 24 collection in your nearest zudio store now

myzudio zudio whatsinisyou",55,2215,2024-08-29 09:54:29+00:00
Video,"following the comfy but cute aesthetic 

shop the aw 24 collection in your nearest zudio store now

myzudio zudio",41,4719,2024-08-24 12:25:42+00:00
Video,"taking my selflove outdoors 

myzudio zudio",29,1324,2024-08-28 13:10:57+00:00
Image,"drop yours

myzudio zudio whatsinisyou",5,546,2024-08-30 14:56:27+00:00
Sidecar,"here to normalize selflove dumps 

myzudio zudio",14,845,2024-08-22 13:53:41+00:00
Video,"normalise taking selfcare day offs 

shop the aw 24 collection in your nearest zudio store now

myzudio zudio whatsinisyou",11,1624,2024-09-01 11:38:26+00:00
Sidecar,"looking good feeling better 

myzudio zudio",12,2704,2024-08-26 14:31:49+00:00
Video,"getting my daily dose of self love 

myzudio zudio",18,2167,2024-08-25 12:09:12+00:00
Video,"aw szn episode 2 you your secret  sauce 

myzudio zudio",8,768,2024-08-25 15:23:24+00:00
Video,"aw szn  episode 1 you your soundtrack 

myzudio  zudio",16,982,2024-08-23 13:27:34+00:00
Video,"aw szn episode 3 you your fav vibe 

myzudio zudio",14,772,2024-08-27 14:22:48+00:00
Video,"new fits are in store for you  

myzudio zudio fomofriday",44,3170,2024-08-10 15:35:09+00:00
Sidecar,"were obsessed with this sale are you 

myzudio zudio zudiosale",28,1401,2024-08-13 13:44:20+00:00
Video,"oops we just dropped something 

myzudio zudio zudiosale",103,7231,2024-08-20 08:07:18+00:00
Video,"no dos and donts here just shop your  out

myzudio zudio zudiosale",82,8391,2024-08-11 13:24:46+00:00
Video,"fomo friday just got bigger 

new arrivals are coming and our sale is still going strong with 500 new styles 

myzudio zudio zudiosale fomofriday",18,1156,2024-08-10 07:09:23+00:00
Video,"what time is it its time to love yourself 

myzudio zudio",8,621,2024-08-22 10:46:36+00:00
Video,"selflove has a new address 

stay tuned to find out

myzudio zudio comingsoon",4,613,2024-08-22 09:00:09+00:00
Video,"my fomo friday finds are fridaying 

myzudio zudio zudiosale",72,3280,2024-08-09 15:17:46+00:00
Sidecar,"remember to shop at the sale if youre also enjoying your freedom this weekend 

zudiosale zudio myzudio",51,2609,2024-08-16 15:28:16+00:00
Video,"brb making space for new fits i got from the zudio sale 

zudio zudiosale myzudio",87,30767,2024-08-07 13:13:31+00:00
Video,"if i were a music genre id be pop 

zudio myzudio",4,1193,2024-08-23 08:53:23+00:00
Image,"hint this might just make your wallet happy any guesses 

myzudio zudio zudiosale",33,681,2024-08-19 13:35:46+00:00
Video,"sale is live

myzudio zudio zudiosale",100,5344,2024-07-30 18:32:01+00:00
Sidecar,"find em all at 499 or less at the zudio sale now

zudiosale zudio myzudio",24,3007,2024-08-01 13:51:46+00:00
Video,"these are my picks from the zudio sale what are you adding to your cart 

zudiosale myzudio zudio",69,7840,2024-08-05 12:34:40+00:00
Video,"fits are flying off the racks catch em while you can 

zudiosale zudio myzudio",116,11793,2024-07-31 08:52:54+00:00
Video,"your perfect match is a screenshot away 

get yours at 499 or less at the zudio sale now 

zudio myzudio zudiosale",12,802,2024-08-06 12:55:29+00:00
Video,"catch fits not feelings 

zudiosale zudio myzudio",50,1413,2024-08-02 11:41:46+00:00
Video,"redy or not here it comes  any guesses

zudio myzudio comingsoon",42,3784,2024-07-28 05:37:15+00:00
Video,"found the right answer now go find the right fit at the zudio sale 

zudiosale zudio myzudio",243,1618,2024-08-03 13:54:32+00:00
Video,"sayin please dont to drama and yes please to this lewk

myzudio zudio explore makeuptransformation transition please",79,4924,2024-06-30 15:58:08+00:00
Video,"brb making this print my purrsonality for the next few days 

myzudio zudio fomofriday paidpartnership",8,1441,2024-07-01 13:33:08+00:00
Video,"goin on a chai run to spill some tea w my bffs

myzudio zudio fomofriday

devillikeme fyp trend explore delhi",19,3076,2024-07-14 13:28:51+00:00
Video,"less talk more colour

fomofriday myzudio zudio paidpromotion",58,2623,2024-07-15 13:34:05+00:00
Video,"cant let the drippin stop the drip 

zudios got your monsoon footwear sorted 

myzudio zudio fomofriday",11,2287,2024-06-29 14:45:21+00:00
Video,"whats mine is hers and whats hers is mine 

myzudio zudio fomofriday paidpartnership",29,3550,2024-07-03 07:01:20+00:00
Sidecar,"shopping is selflove 

myzudio zudio",7,1760,2024-08-27 12:08:32+00:00
Video,"ready to put your festive foot forward 

stay tuned to find out what were celebrating 

myzudio zudio",3,538,2024-09-04 15:06:29+00:00
Sidecar,"weve got fits for em all whats your pick 

shop the aw 24 collection in your nearest zudio store now

myzudio zudio whatsinisyou",6,993,2024-08-30 12:53:22+00:00
Video,"lets go wild with these rawrsome nails 

myzudio zudio  fomofriday paidpartnership",38,6957,2024-07-01 05:51:28+00:00
Sidecar,"fits that look good on you and your wallet 

pick your fav at 299 or less

myzudio zudio zudiosale",39,2883,2024-08-20 13:27:08+00:00
Video,"whatever your rizz is you have our rizzpect 

myzudio zudio",25,698,2024-09-13 13:33:37+00:00
Video,fomofriday myzudio zudio,4,508,2024-07-01 11:47:21+00:00
Video,"redy for the red carpet

fomofriday myzudio zudio paidpromotion",60,1998,2024-07-13 09:30:43+00:00
Video,"dont miss out on this sansani tez khabar go shop now 

zudio myzudio zudiosale",180,13548,2024-08-01 14:47:02+00:00
Video,"todays menu servin looks with a side of proudin thanks to myzudio

myzudio zudio proudin",17,1025,2024-06-22 12:42:40+00:00
Video,"twinning with my twin flame 

myzudio zudio fomofriday paidpartnership",59,7701,2024-07-02 13:45:56+00:00
Video,"welp you caught us red handed  the zudio sale is live tomorrow 

zudio myzudio comingsoon",153,18540,2024-07-30 14:26:07+00:00
Video,"come pack some holiday fits with me 

myzudio zudio fomofriday paidpromotion",52,1978,2024-06-04 14:33:38+00:00
Video,"cant send a to my proudin icon so heres a fit check instead  

zudio myzudio proudin",93,9824,2024-06-17 13:35:28+00:00
Video,"proudin every step of the way

myzudio zudio proudin",14,533,2024-06-08 14:23:53+00:00
Video,"proudin looks and groovin moves find em all at myzudio 

myzudio zudio proudin paidpartnership",34,5641,2024-06-13 13:29:48+00:00
Video,"whats in whats poppin 
new tinted lip oils ft gloss shine and hydration from myzudio 

myzudio zudio fomofriday paidpartnership",35,1992,2024-06-29 08:38:33+00:00
Video,"summer fits to the front please 

myzudio zudio fomofriday paidpromotion",101,5334,2024-06-01 14:17:45+00:00
Video,"turning myzudio into my dance floor by proudin my moves

myzudio zudio proudin paidpartnership
pride",114,6991,2024-06-12 13:48:41+00:00
Video,"need me some matcha moments 

myzudio zudio fomofriday paidpromotion",24,1058,2024-06-03 14:23:42+00:00
Video,"whats drippin both the weather and my style 

myzudio zudio fomofriday paidpartnership",22,1517,2024-07-03 16:04:19+00:00
Video,"droppin the hottest new word of this season proudin

myzudio zudio proudin",4,683,2024-06-08 11:42:53+00:00
Video,"ziggy stardust is back and ready to rock  im proudin my inner david bowie with myzudio

myzudio zudio proudin paidpromotion",5,737,2024-06-20 12:51:06+00:00
Video,"myzudio got me feelin myself with the proudin playlist  fire fits 

myzudio zudio proudin",68,4358,2024-06-14 14:06:39+00:00
Video,"whats in proudin 

myzudio zudio proudin",9,582,2024-06-07 13:47:02+00:00
Video,"payday zudio sale

zudiosale zudio myzudio",104,13185,2024-07-31 14:44:06+00:00
Video,"sun dazed and loving it 

summersin zudio myzudio",65,1136,2024-05-02 08:29:33+00:00
Video,"enjoy the pink vibes while we  to the next city  

myzudio zudio jaipur",26,911,2024-05-18 13:47:03+00:00
Video,"currently accepting applications for a summer fling 
shot by  writuraj 


summersln zudio myzudio",28,1351,2024-05-03 10:34:07+00:00
Video,"summer ready weekend ready walking in zudios dripping fits 

myzudio zudio fomofriday paidpromotion",47,6058,2024-05-31 16:10:50+00:00
Video,"just two gen z kids in the city of nizams 

myzudio zudio hyderabad",20,3648,2024-05-24 14:04:38+00:00
Video,"ghani ghani khamma jaipur

myzudio zudio jaipur",15,1320,2024-05-16 13:23:53+00:00
Sidecar,"we ate and left no crumbs in hyderabad 

 myzudio zudio hyderabad",18,1446,2024-05-25 13:51:38+00:00
Video,my vibe shines brighter than the myzudio zudio summersin,25,4274,2024-04-29 10:53:12+00:00
Video,"the latest trends have entered the chat 


myzudio zudio fomofriday",100,1865,2024-05-06 12:34:38+00:00
Video,"weather forecast for hyd its about to get hotter 

myzudio zudio hyderabad",13,900,2024-05-23 13:28:45+00:00
Video,fomofriday myzudio zudio,19,647,2024-05-05 15:30:09+00:00
Video,"in a sunflower state of mind 

myzudio zudio summersin",1,17,2024-04-30 07:35:34+00:00
Video,"felt cute might ditch adulting later 

myzudio zudio summersin",3,658,2024-04-18 15:23:09+00:00
Video,"admin said dont ask me anything so this is the caption now  

music by ranj x clifr

myzudio zudio summersin",36,1788,2024-04-20 14:31:12+00:00
Video,"just three girlies looking ghani futri in the pink city 

myzudio zudio jaipur",36,1862,2024-05-17 13:08:11+00:00
Video,"summers calling and im omw 

myzudio zudio summersin",4,733,2024-04-17 14:23:20+00:00
Video,"next stop paradise 

mycitymyzudio myzudio",8,1538,2024-03-28 12:51:48+00:00
Video,"how life feels when the  is out  

myzudio zudio summersin",35,560,2024-04-21 14:35:22+00:00
Video,"summer called so i let the  take me away 

myzudio zudio summersin







summeressentials beachvibes influencer influencermarketing reels explore",12,944,2024-05-02 12:20:33+00:00
Video,"admin is busy booking tix to
guess karo 

mycitymyzudio myzudio kochi",22,908,2024-03-29 13:20:30+00:00
Video,"fomofriday heatwave incoming 

myzudio zudio fomofriday",8,872,2024-04-07 08:30:22+00:00
Video,"going wherever the sun takes me 

myzudio zudio summersin",1,560,2024-04-17 13:02:03+00:00
Sidecar,"the vibes fatafati 

mycitymyzudio myzudio kolkata",15,2243,2024-03-23 12:36:47+00:00
Video,"its keep yo phone on dnd szn    

zudio myzudio summersin",5,610,2024-04-17 11:12:46+00:00
Video,"cant hear you through the sound of 

myzudio zudio summersin",13,954,2024-04-18 13:05:17+00:00
Video,"my fav filter sunshine 

myzudio zudio summersin",1,476,2024-04-18 11:17:57+00:00
Video,"the  called and i answered 
zudio myzudio summersin
myzudio 








fyp fyp fypppppppppppppppppppppppppppppppppppppppppppppppppppppppppppppppppppppp fypage foryoupage summerfinds summervibes summertime dress dresshaul zudiohaul",110,1624,2024-04-28 09:21:03+00:00
Video,"current mood sweating in style heat 

myzudio zudio summersin",59,2566,2024-04-30 12:06:31+00:00
Video,"myzudio just dropped the perfect vacationready fits and im obsessed 

myzudio zudio fomofriday",62,3954,2024-04-07 12:28:39+00:00
Video,"officially broke up with winter  summer is my bestfriend now 

myzudio zudio summersin",6,505,2024-04-19 12:45:47+00:00
Video,"suns out me out 

 myzudio zudio summersin 









fyp explore instagood collab paidpartnership reelitfeelit fashionblogger style fashion explorepage trend viral bhfyp new india instagram",77,5783,2024-05-01 14:09:49+00:00
Video,"comfy never looked so cute 

myzudio zudio fomofriday paidpromotion",28,1547,2024-06-02 14:37:08+00:00
Sidecar,"the only stress i want in life is the stress of deciding my next stop 

 mycitymyzudio myzudio kochi",8,1863,2024-03-30 12:16:11+00:00
Video,"myzudios coord sets are your bffs this season 

myzudio zudio fomofriday",69,18009,2024-04-06 12:18:14+00:00
Sidecar,"the solemate for your kicks is here 

just swipetovibe with myzudios sneaker wipes 

myzudio zudio",4,750,2024-03-17 11:41:06+00:00
Image,"catching flights and feelings in your we mean our city 

presenting mycitymyzudio  

myzudio zudio",63,1412,2024-03-19 11:41:29+00:00
Video,fomofriday myzudio zudio,11,540,2024-06-01 11:36:00+00:00
Video,"cant wait to  the city of joy in a 

 mycitymyzudio myzudio kolkata",28,1777,2024-03-21 13:27:51+00:00
Video,"the summer vibes have entered the chat 

comment your summer vibe

summersin myzudio zudio",9,458,2024-05-01 11:24:21+00:00
Video,"cant stop talking about how good myzudios new lippies are 

myzudio zudio",42,3602,2024-03-09 13:52:03+00:00
Video,"kemon acho kolkata 
okay now guess where were off to next 

mycitymyzudio myzudio kolkata",51,1123,2024-03-22 13:29:26+00:00
Video,"sometimes all you need is a lip combo that makes you feel bonita 

myzudio zudio",42,2204,2024-03-08 14:22:49+00:00
Video,"zudio served really hard with these lippies and the shade range is to die for 

its time to take up the 7 days 7 shades challenge 

myzudio zudio fomofriday",30,2223,2024-03-03 15:42:31+00:00
Video,"tag your girlie whos the queen of 

zudio myzudio",24,1187,2024-02-24 14:46:12+00:00
Image,"can you guess who this her is wrong answers only 

zudio myzudio",17,974,2024-03-02 06:25:05+00:00
Video,"you say lips we say check  

myzudio zudio",29,1216,2024-02-25 14:47:31+00:00
Image,"what time is it time for you to kiss your boring lips goodbye  

zudio myzudio",7,670,2024-02-29 13:35:49+00:00
Video,"whats in  are in

if you know the answer to this tell us in the comments 
a lucky few will get a  in their dms 

zudio myzudio",72,1160,2024-02-26 14:31:24+00:00
Video,"yall should  to get your hands on these lippies so so good 

myzudio zudio",12,1689,2024-03-06 13:53:23+00:00
Image,"your city  my city 

tell us in the comments where were  for our first edition of mycitymyzudio 

myzudio zudio",59,1074,2024-03-19 12:58:16+00:00
Video,"cantyou over the sound of this glow up 

swipetovibe with myzudios sneaker wipes  

myzudio zudio",55,6256,2024-03-17 13:46:17+00:00
Image,"the it girl colours are in

myzudio zudio",39,2522,2024-02-24 08:40:29+00:00
Video,"the lip combo that completes my fit 

myzudio zudio",16,1397,2024-03-05 13:41:00+00:00
Video,"whats in lips are in 

last 5 comments stand a chance to win zudio goodies 

zudio myzudio",90,1728,2024-03-01 13:35:35+00:00
Video,"nothing makes a brown girl more happy than finding the perfect nude shade 

myzudio zudio",61,7350,2024-03-07 13:37:36+00:00
Video,"channeling my  clean girl aesthetic  with these myzudio lippies

myzudio zudio",35,2306,2024-03-10 13:45:25+00:00
Image,"what  is it time to give some  back to the cities that  us 

myzudio zudio",27,1215,2024-03-19 10:09:37+00:00
Video,"cant leave the house without these essentials they make touchups so easy 

myzudio zudio",30,940,2024-03-04 14:05:08+00:00
Video,"we only serve the freshest lewks in this house  fomofridayfinds 

myzudio zudio fomofriday",43,1170,2024-05-05 08:40:33+00:00
Image,"struck by wanderlust

look trendy wherever you go with myzudio

fomofriday springsummercollection myzudio zudio",14,1561,2024-02-08 12:24:02+00:00
Video,"can you feel the vibes with this one
 
loving these fits from myzudios fomofriday
 
fomofriday springsummercollection myzudio zudio",23,2198,2024-02-11 14:57:39+00:00
Image,"this ones gonna get everyone talking 

zudio myzudio",12,627,2024-02-24 05:54:37+00:00
Sidecar,"subway surfing never looked so cool 
 
the new collection from myzudio is here
 
fomofriday springsummercollection myzudio zudio",14,2093,2024-02-09 13:37:05+00:00
Sidecar,"you cant sit with us mostly because the trains are never this empty 

fomofriday springsummercollection myzudio zudio",22,3805,2024-02-12 12:56:42+00:00
Video,"i sent this post to my mom and she said  brb crying 

the ethnic collection by myzudio has got my back though 

myzudio zudio ethniccollection",82,6037,2024-02-05 13:28:54+00:00
Sidecar,"update your wardrobe with fits that make sunny days brighter


the zudio springsummer 2024
collection is live

zudio myzudio springsummer",16,3133,2024-01-29 11:29:43+00:00
Sidecar,"all eyes on us ft myzudio 
 
fomofriday springsummercollection myzudio zudio",7,1825,2024-02-11 13:30:58+00:00
Video,"im all ready for date night 
 
i found the perfect fit thanks to myzudio
 
fomofriday springsummercollection myzudio zudio",20,3550,2024-02-10 13:35:55+00:00
Video,"comment the first song that comes to your mind when you see this fit 

love this coord set from the ethnic collection by myzudio 

myzudio zudio ethniccollection",59,1881,2024-02-02 13:34:01+00:00
Video,"myzudio does not gatekeep stunning trends  

loving these fits  

fomofriday myzudio zudio",70,2954,2024-01-29 14:25:55+00:00
Sidecar,"desi but make it genz 

pick your faves from our ethnic collection and style it your way

zudio myzudio ethniccollection whatsinisin",12,1711,2024-02-01 13:44:04+00:00
Video,"this shirt was calling my name 
 im all ready for sunday brunch 

fomofriday springsummercollection zudio myzudio",32,2302,2024-01-28 14:24:12+00:00
Image,"ready to go places  
 
let the new collection from myzudio tag along
 
fomofriday springsummercollection myzudio zudio",24,1713,2024-02-08 13:51:57+00:00
Video,"im in pyaar with this lip combo from myzudio 

in frame lip mousse lip shine and lip liner in the most chocolaty shades ever 

myzudio zudio fomofriday",10,1777,2024-03-03 13:29:03+00:00
Sidecar,"take it breezy cuz spring is in 

the zudio springsummer 2024 collection is live

zudio myzudio springsummer",1,1543,2024-01-27 08:31:32+00:00
Video,"the b in brown girl stands for baddie 
 
loving these pieces from the ethnic collection by myzudio 
 
myzudio zudio ethniccollection",27,2865,2024-02-03 14:28:26+00:00
Sidecar,"long flowy dresses are a vibe this szn 

the zudio springsummer 2024 collection is live

zudio myzudio springsummer",3,1625,2024-01-27 11:29:03+00:00
Sidecar,"make some noise for the desi girls 
 
comment down your favourite look from the ethnic collection by myzudio 
 
myzudio zudio ethniccollection",11,1866,2024-02-03 11:40:46+00:00
Sidecar,"blouses that deserve a round of applause 

the zudio springsummer 2024 collection is live

zudio myzudio springsummer",8,2929,2024-01-28 11:51:57+00:00
Image,"friendship over with winter fits 
now summer fits are my 

zudio myzudio comingsoon springsummer",13,1560,2024-01-23 13:39:39+00:00
Video,"were always up for anything 

currently loving these trendy pieces from the fomofriday drop by myzudio

fomofriday springsummercollection myzudio zudio",192,6996,2024-02-13 13:31:19+00:00
Sidecar,"spring has sprung 

the zudio springsummer 2024 collection is live

zudio myzudio springsummer",2,847,2024-01-26 08:39:22+00:00
Video,"the zudio sale keeps giving 
check out what the fun customers had to say when i got a chance to interact with them 

i also couldnt help but pick up something for myself from the 299 or less sale while i was at it 

zudio myzudio sale",57,10821,2024-01-22 06:53:00+00:00
Video,"we hope you can handle prices as hot as a

sale myzudio zudio",41,2116,2024-01-19 04:30:20+00:00
Image,"dreaming of  only

zudio myzudio comingsoon springsummer",10,1029,2024-01-23 05:37:53+00:00
Image,"summer hard yes 

zudio myzudio comingsoon springsummer",9,972,2024-01-23 10:37:17+00:00
Video,"its time to kiss your fomo goodbye  

fomofriday springsummercollection myzudio zudio",7,617,2024-02-09 11:51:15+00:00
Image,"tag your bestie and if she replies you both might stand a chance to cop a zudio beauty goodie baggg 

zudio myzudio",190,3310,2024-02-23 14:27:42+00:00
Sidecar,"its giving piku 
 
go get your hands on the ethnic collection by myzudio 
 
myzudio zudio ethniccollection",18,1812,2024-02-04 13:16:32+00:00
Video,"hint 

zudio myzudio comingsoon",23,1026,2024-01-24 14:33:14+00:00
Video,"spring is in 

the zudio springsummer 2024 collection is live

zudioss24 zudio myzudio springsummer",46,2288,2024-01-26 13:32:37+00:00
Video,"with prices so low we can only say one thing just zudio it

sale myzudio zudio",7,900,2024-01-20 13:34:52+00:00
Sidecar,"coming out of the winter slumber like 

zudio myzudio comingsoon springsummer",8,2396,2024-01-25 13:51:09+00:00
Video,"it was love at first swipe when my sneakers met myzudios sneaker wipes

myzudio zudio",68,9086,2024-03-16 13:54:47+00:00
Video,"keep your eyes open  
the sale is about to get more exciting

 sale myzudio zudio",12,1216,2024-01-18 14:49:37+00:00
Image,"grab these musthave steals before they fly off the racks 
 
sale zudio myzudio",22,1011,2024-01-06 13:16:29+00:00
Video,fomofriday myzudio zudio,1,629,2024-01-13 15:16:15+00:00
Video,"at this point myzudio is spoiling us with choices every fomofriday  

fomofriday myzudio zudio",22,5468,2024-01-13 11:36:26+00:00
Sidecar,"deals that wont break your bank  

sale myzudio zudio",31,3308,2024-01-01 10:32:29+00:00
Video,"i accepted myzudios 333 challenge such trendy pieces that i can style in a gazillion ways love love love them 333

take the 333 challenge tag myzudio and you might get a chance to feature on their page  

fomofriday myzudio zudio",30,3306,2024-01-14 07:52:48+00:00
Video,"itne chill vibes ka akele kya karoon heres sharing some with yall 

fomofriday springsummercollection zudio myzudio",23,2648,2024-01-27 14:15:02+00:00
Sidecar,"sale so good you dont need any reasons but we gotchu 
 
sale myzudio zudio",13,866,2024-01-17 14:32:30+00:00
Video,"its live run dont walk to your nearest zudio store rn 
 
sale myzudio newyear",38,3620,2023-12-31 04:29:42+00:00
Video,"zudio sale szn has to be the best szn of them all 

check out how much fun we had at the store yesterday 

sale zudio myzudio",78,17296,2024-01-09 10:39:22+00:00
Video,"this is my comfy take on the 333 challenge whats yours

take the 333 challenge tag myzudio and you might get a chance to feature on their page 

fomofriday myzudio zudio",12,1352,2024-01-14 14:37:40+00:00
Video,"party mode activated  

myzudios got so many options i cant choose 

zudio myzudio partycollection fomofriday",52,5038,2023-12-04 07:21:27+00:00
Image,"were ready to be your santa for all of january can you guess your gift 

comingsoon newyear gift myzudio",20,1063,2023-12-25 11:24:57+00:00
Video,"the myzudio 333 challenge got me experimenting beyond the basics 

comfortable absolutely cool  you bet

take the 333 challenge tag myzudio and you might get a chance to feature on their page 

fomofriday myzudio zudio",30,3201,2024-01-15 08:57:43+00:00
Video,"you dont wanna miss this go secure the bag 

sale zudio myzudio",3,1111,2024-01-05 19:36:15+00:00
Sidecar,"were in a great mood today 

heres all the heat myzudio brought to the coolest festival of the year iitbombaymoodi 

myzudio zudio moodindigo stylepartner",16,6424,2023-12-23 12:34:36+00:00
Video,"admin is missing college days 

moodindigo zudio festivaloftheyear",19,461,2023-12-09 11:44:19+00:00
Video,"okay we understood the assignment 

moodindigo zudio festivaloftheyear",16,1054,2023-12-09 13:30:22+00:00
Video,"resolutions stand no chance in front of our next drop can you guess whats coming 

comingsoon zudio myzudio",38,2155,2023-12-28 13:15:20+00:00
Image,"get ready to pick em all 

comingsoon newyear gift",12,965,2023-12-30 13:45:39+00:00
Sidecar,"mood at iitmoodi was 

heres all the heat myzudio brought to the coolest festival of the year iitbombaymoodi 

myzudio zudio moodindigo stylepartner",14,4382,2023-12-25 05:57:27+00:00
Video,"mood set 

moodindigo zudio festivaloftheyear",29,646,2023-12-09 15:56:49+00:00
Video,"drippin in desi bling

check out myzudios festive collection  its pure fire

mydesirizz fomofriday
festivevibe myzudio zudio",32,4569,2023-11-05 16:15:48+00:00
Sidecar,"no more being a couch potato 

 zudio myzudio springsummer comingsoon",23,5137,2024-01-24 11:44:08+00:00
Video,"why is this reel 1 hour long 

get chill with zudio winter collection 

serialchillers zudiowintercollection myzudio zudio",39,2480,2023-11-18 13:51:26+00:00
Image,"tbh the only thing were all excited about 

comingsoon zudio myzudio",26,3192,2023-12-26 11:35:07+00:00
Video,"winter just hits different when youre layered up in myzudio 

fomofriday serialchillers wintercollection myzudio",55,2801,2023-12-02 15:15:20+00:00
Video,"who says you cant sing and slay at the same time 

festivevibe mydesirizz
 fomofriday myzudio zudio",26,2622,2023-11-06 15:35:52+00:00
Video,"the only reminder that matters 

fomofriday myzudio zudio",3,719,2024-01-12 13:45:11+00:00
Sidecar,"fun hack check all of them at once by shopping the zudio sale

sale myzudio zudio",5,995,2024-01-21 15:24:09+00:00
Video,"from meh to  magnificent  in seconds 

in love with myzudios festive collection 

mydesirizz festivevibe fomofriday myzudio zudio",25,1321,2023-11-07 15:07:02+00:00
Video,"in the mood to get turnt check out the epic turn out at iitbombaymoodi for myzudio 

myzudio zudio moodindigo stylepartner",25,4749,2023-12-24 14:20:43+00:00
Video,"new bling coming your way get set to skip the fomo 
fomofriday zudio myzudio",21,737,2023-12-03 15:32:37+00:00
Video,"keeping it cool but our fits are on fire 

 serialchiller wintercollection myzudio zudio",5,658,2023-11-19 06:54:00+00:00
Video,"so hot so lit just looking like a wow 

myzudios festive collection has my heart 

mydesirizz festiveready myzudio zudio fomofriday",28,2556,2023-11-06 11:40:02+00:00
Video,"time to layer up your style game
 
serialchiller wintercollection myzudio zudio",30,1472,2023-11-19 13:51:53+00:00
Video,"ready for the szn with my frosty fits 

get chill with myzudios winter collection 

serialchillers zudiowintercollection myzudio zudio",70,9089,2023-11-20 13:41:49+00:00
Video,"okay but how cute are these 

myzudios festive collection is it perfect collection for some cute diwali fits 

mydesirizz zudio festivevibe fomofriday  myzudio diwalifit",95,86479,2023-10-23 14:40:38+00:00
Video,"brrr something icy cool is about to drop 

serialchiller wintercollection myzudio zudio",6,848,2023-11-17 14:36:41+00:00
Video,"groovin to the beat like theres no tomorrow  

join me in the dothetrendbend challenge and lets set the style world on fire 

trendbendin whatsinisin myzudio zudio",52,1491,2023-10-28 14:58:13+00:00
Video,"squad goals setting trends and turning heads in myzudios freshest fits 

fomofriday mydesirizz festivevibe 
myzudio zudio",30,2363,2023-11-05 12:18:39+00:00
Video,"look at all these cuties in their desi element 

visit myzudios for their latest festive collection perfect for some cute festive shopping 

mydesirizz zudio festivevibe myzudio diwalifit",29,4247,2023-10-24 16:06:50+00:00
Video,"flexin my trendbending skills  

join me in the dothetrendbend challenge and lets slay the fashion game  

trendbendin whatsinisin myzudio zudio",19,2055,2023-10-29 15:22:41+00:00
Sidecar,"its time to mix match and master the trendbendchallenge 

show us your style tag myzudio and lets make some noise  

whatsinisin trendbendin myzudio zudio",4,627,2023-10-30 16:00:56+00:00
Video,"cozy does not mean boring when you have myzudio 

serialchillers myzudio zudio wintercollection",109,3159,2023-11-21 13:53:17+00:00
Video,"two girls one mission slay in style with myzudios hottest picks 

mydesirizz zudio festivevibe  myzudio diwalifit fomofriday",57,4188,2023-11-04 13:35:34+00:00
Video,"making waves with my trendbending moves  

join me in the dothetrendbend challenge and lets redefine fashion 

whatsinisin trendbendin myzudio zudio",21,1192,2023-10-30 13:38:52+00:00
Video,"blingin it on for every party this festive season 

trying on the hottest festive picks from myzudio 

festivevibe mydesirizz fomofriday myzudio zudio",20,3326,2023-10-24 13:10:35+00:00
Video,"steppin up the style game with some serious trendbending moves  

whos ready to join the party 

trendbendin whatsinisin myzudio zudio",19,1275,2023-10-27 14:44:36+00:00
Video,"slayin the fashion game one move at a time  

join me in the dothetrendbend challenge and lets make some style waves 

whatsinisin trendbendin myzudio zudio",14,1140,2023-10-31 14:42:47+00:00
Video,"ate and left no crumbs

get ready to get festive with myzudios dope festive collection

festivevibes myzudio zudio mydesirizz",0,588,2023-10-21 08:44:59+00:00
Video,"diwali party but make it genz 

go check out our super dope and desi festive collection from myzudio and get set to work your mydesirizz 

festivevibes myzudio zudio mydesirizz",43,2525,2023-10-20 14:30:39+00:00
