title,content,score,comments_count,created_utc
avoid  t shirts and jeans from zudio,in my experience zudio t shirts lose their collar it becomes lose and ugly jeans are also of low quality joggers are good,419,135,2025-03-08 05:48:45
going to zudio tomorrow need some honest review,"guys i am going to zudio tomorrow can anyone help me with some genuine advice 

i am looking to buy
footwear or sneaker shoes 
casual wear for office  no dress code 
pants to wear at home",24,46,2023-10-01 15:34:20
zudio products youd buy like it was your last day,what are those must have zudio products that youd buy flair should be suggestions but lets go with this,34,75,2025-06-29 13:47:06
has anyone tried zudio fragrances the big ones are not good but these small ones are nice for 80 each,no text content,25,37,2024-01-15 08:29:57
zudio perfume review,"got this perfume when i walked into a zudio store randomly a few months ago i would wear it sparingly but today my sister used it in the morning around 11am its almost 3pm now and the scent still smells soooo fresh on her she just walked into my room and i asked her if shes used it again but she hasnt 

this smells fresh has a bubblegum scent to it and smells kinda sweet more like a daytime fragrance and a decent performance from a cheapy is kinda surprising this was just priced 299 for 100ml and i think its worth the money

ps  my sister was indoors all the time so no idea how it performs when you go out if anybody has used this  pls let me know",52,26,2024-10-11 09:02:04
psa  raid your local zudio,"so i went along with a friend who wanted to get some stuff i ended up grabbing multiple items that i hadnt planned for a very rare thing for me

zudio has some incredible stuff at present  can vouch for bangalore  and the best part is its pretty affordable ofcourse its all relative but it certainly is much more reasonably priced than most of the brands that the models post here no offence you guys are just too gorgeous

this isnt a advert as much as it seems like but if some at zara or hm wants a reddit post that anyone can post they know where to find me wink wink 

anyway pretty content with zudio i think a visit maybe in order for many",129,67,2024-03-09 13:38:14
got these 2 shirts from zudio  what do you guys think this is my 1st purchase from zudio,you can recommend any bottomwears as well for college,31,39,2023-08-27 11:37:33
zudio perfumes,visited zudio showroom to see whats the hype is all aboutthe quality of clothes was disappointing even inhouse brands of pantaloons and reliance are much better than zudio so i went to perfume section sniffed each of the perfumes and the story remained the samepoor quality overall however i liked one of them sprayed it on my wrist and the opening was unbearable so sprayed it on my handkerchief just to check its dry down and left about half an hour later i was sitting in a coffee shop when i suddenly caught a whiff of a sweet bubblegumlike scent i thought yeah rasasi hawas really performs which i had applied in the morning before leaving home to my surprise when i checked my wrist it turned out to be the zudio perfume there was literally no difference in the drydown it just had a slightly synthetic note which a novice nose would never notice although opening is bad and challenging to tolerate after 1015 minutes it starts resembling hawas a 50 ml bottle costs 300  which is good you can overspray or use it to layer with hawas,47,53,2023-10-06 13:38:16
how often do you buy from zudio,i recently visited zudio with one of my friend and we didnt find anything good the collection is either same or full of genz patterns how often do you buy from here and do you like the collection,12,18,2024-09-22 09:35:04
palestine supporters are protesting against zudio,no text content,2355,672,2025-05-30 08:21:44
students islamic organization organized boycott campaign against zudio in kozhikode,source,1295,1082,2025-06-04 05:50:18
first outside dominos in pune then outside zudio and now mcdonalds whats next i hope they wont start stopping people from buying it absolute nonsense all the people out there if you want to protest against something but make sure dont disturb innocent people peace,no text content,1397,311,2025-07-17 09:47:32
top from hm and jeans from zudio,what accessories can i add to it,2134,310,2025-03-12 12:07:50
zudio has some of the prettiest and affordable dresses,give me advive on how to style it,1108,135,2025-07-10 16:50:15
students islamic organization organized boycott campaign against zudio in kozhikode,"boycotting zudio while wearing zudio clothes 

at this point they should boycott hp microsoft amazon all of them are linked with black rock 

these people need to get fuck out this country if they want to show their muslim brothers retard mfs",704,197,2025-06-04 12:44:52
students islamic organization organized boycott campaign against zudio in kozhikode,no text content,579,162,2025-06-04 06:56:07
didnt expect this from zudio thrissur east fort outlet,"just got back from zudio in thrissur and honestly never again the customer service was shockingly bad there are so many staff members on the floor yet barely anyone is actually helping customers most of them are just walking around chatting among themselves taking selfies or giving dirty looks when you ask for assistance

tried asking one guy near the billing section for a carry bag he straightup ignored me like i was invisible and when i asked again politely he responded rudely and made it seem like i was bothering him the billing process itself was unnecessarily slow like he was deliberately taking his sweet time

worst part a couple of the male staff members were literally eveteasing some women in the store absolutely disgusting and unprofessional im shocked this kind of behavior is happening so openly in a retail outlet

zudio seriously needs to retrain or replace its staff here just hiring young people for cheap labor isnt enoughat least hire people who know how to behave and do the job properly shoppers deserve respect not attitude",741,85,2025-07-05 10:05:56
what are your views on zudio brand,no text content,621,205,2024-05-23 12:34:05
last cousin meetup of 2024 vs first cousin meetup of 2025 wedges from metro   skirt and top from zudio   sundress from pantaloons,no text content,587,77,2025-01-11 07:36:59
found this inside zudio cloth tag what is this,i went to zudio after peeling the price tag found this attached inside what is this and what is it used for,269,103,2025-02-04 13:16:50
parleg being sold at 24  2400 in gaza which india sent for free where are the hamas paglus,no text content,4297,346,2025-06-07 06:42:17
why dont zudio provide bill,"i recently accompanied my cousin to a store to help him purchase some clothes after the cashier finished processing the items he asked me for my mobile number i politely declined but he insisted that they couldnt issue a bill without it claiming they no longer provide hard copies and only send digital receipts via sms

this struck me as concerning isnt it a violation of consumer rights to make a mobile number mandatory for issuing a bill providing a bill is a legal requirement for every purchase and withholding one due to refusal to share personal information seems contradictory and potentially unlawful

what recourse do consumers have in such situations and how can this kind of practice be addressed or reported

tldr a store refused to issue a bill unless i provided my mobile number claiming receipts are only sent via sms this seems like a violation of consumer rights as providing a bill is legally required what can consumers do in such cases

edit i have lodged a complaint with national consumer helpline website lets wait and see what happens",167,74,2025-05-01 05:08:12
zudio,"me and my zudio wali kurti

excuse my messy room please",244,46,2025-06-12 18:55:21
brunch date  crop top  zudio  trousers  amazon bag  it was a gift,reposting again as no idea why the last one got the thread closed,419,81,2024-09-18 09:29:50
milestone check started at 24 lpa at 23 achieved 1cr before turning 30,"this isnt a boast its my storya reminder that no matter where you start with patience and persistence things can change if youre at the beginning of your career i hope this gives you a reason to keep going

 background

i come from a lowincome family my dad earned around 78kmonth my mom maybe 57k never asked never dared money was always tight but i somehow ended up in a decent private school1200month fee when i left miracles happen

i was smart but also profoundly lazy scored 89 in both 10th and 12th with minimal studying and maximum cricket

i bombed jee no coaching no idea what i was doing and joined a local private engineering college the main reason the college bus started from my area so guaranteed window seat for four years priorities right

college fees were hard to afford loans were rejected but relatives stepped in and helped we made it through

 college life

i took ece and immediately started building electronics projects just for fun it was less about grades and more about messing around with bots and components i coasted at an 8 cgpa with minimal effort

by third year i realized i enjoyed programming more than anything else electronics slowly took a backseat and i dove into writing code

final year came and a known servicebased company visited our campus out of 400 students 35 were selected somehow i was one of them thats when things started rolling

 first job  24 lpa  bangalore blues

i graduated in 2018 and joined the company the salary was 24 lpa yes thats 15k a month and yes in bangalore

i was terrified how do you survive in a city like bangalore with that kind of salary turns out a 3sharing pg with friends and a talent for stretching 500 like its 5000 can go a long way we even had fun tons of it

worked six days a week saved 2kmonth i know financial wizardry got into a solid project learned a lot met amazing seniors and a few who probably thought ctrlcv was coding

after 15 years i felt i was ready for the next step

 almost made it  then covid said nope

by early 2020 i had cleared all interview rounds with a big 4 company the offer was for 68 lpa i was pumped

then covid hit lockdown began the company ghosted me harder than my crushes in high school no email no call just vanished

i sulked then kept applying

 april 2021  the big jump aka the toilet call

one fine day i got a call from hr while i wasof all placesin the toilet doing my business naturally i picked up its not every day you get a callback from an interview even if youre multitasking in echoy acoustics

i was making 4 lpa at the time and expecting maybe 6 lpa but the hr yes he casually said well pay you much more than that i swear i almost dropped my phoneamong other things it was a 12 lpa offer my brain shortcircuited

but there was a catch

he said they could only offer a max 60day notice period and id have to convince my employer to release me early my plan was to resign first and then figure out how to shorten the notice period risky move but what choice did i have

turns out luck was on my side

since i was on the bench client had pulled out and was about to be assigned to a new project my manager said if youre going to leave in 90 days well just have to find someone else again can we release you in 15 days instead

i casually said yes internally i was throwing confetti doing cartwheels and moonwalking out of there

joined the healthcare startup in april 2021 the work was great team was solid for a while everything was smooth

 the market run  13 offers later

i stayed at the healthcare company for about 16 years but by december 2021 the great resignation wave hit us hard people started leaving in batches five out of seven teammates quit that was my cue

so i jumped back into interviewsslowly at first but once i got into the groove it became a fulltime evening job by march 2022 i had 13 offers no kidding my email looked like a job fair brochure

some offers were amazing some looked like red flags dipped in glitter but i eventually went with a reputed productbased company offering 32 lpa it had the right mix of comp team culture and growth potential

ive been here since 2022 and while my base hasnt changed much thanks to stock grants my total comp has grown to around 4550 lpa stocks really do be stocking

 current lifestyle  simple but sweet

i live quite simply outside of frequent traveling and ordering too much food on zomato we all have our vices i dont really spend much

ive never been materialistic i still use the android phone i bought in 2019 my wardrobe mostly consists of free office tshirts and a couple of zudiowestside jeans and my footwear 250 shoeswith 1000 shoe soles inside gotta protect those knees not the brand image

for now this works ive never felt the urge to chase luxury hopefully by 3540 ill hit a level of financial independence fi that allows me to choose peace over paychecks

 the financial journey  mistakes fds and redemption

when i started working in 2018 i knew nothing about investments my idea of saving was just leaving money in my salary account from 2018 to 2020 thats where everything sat

after my first switch in 2020 i finally had savingsand thanks to the lockdown no zomato or trips to spend on i saved 34 lakhs in a few months

my first investment a monthly payout fd of 35 lakhs yes really

the plan was to keep making these fds until the interest from them could cover my expenses i thought id cracked early retirement genius right spoiler i had not

then i found youtube finance watched a lot of pranjal kamra got introduced to sips mutual funds compoundingbasically the whole adulting starter pack

in feb 2021 i began my first sip5k in ppfas flexi cap and 5k in elss to save tax i was skeptical but stuck to it from 2021 to 2023 returns were negative and i was surprisingly okay with it cheap units  longterm win

now i invest 71kmonth via sips my takehome is 16lmonth i send money home pay rent and yes spend way too much on zomato i travel often too expenses feel high but heyim human sometimes biryani beats budgeting

that original fd converted it into a standard maturity fd it now serves as my emergency fund

i also bought term insurance got 25l health insurance for myself and added 10l coverage for my parents through my corporate plan

only started tracking my net worth in 2023 watching it grow now feels oddly therapeutic  
all amounts in lacs

 asset                2023   2024   2025  



 mutual fund  1300  2801  3897 

 comp stocks  673   1960  4310 

 stocks             068   105   090  

 fd                  250   250   280  

 pf                   472   695   938  

 ppf                318   433   512  

 cash              080   080   050  

 total           3161  6324  10077 

 whats next

in the next 12 years i plan to make another switchhopefully my last major one i dont want to work beyond 45 maybe not even a day beyond if i can help it

by then i believe my investments and savings should be enough to cover my expenses after that id like to focus on other thingshealth travel hobbies maybe even helping others who are where i once was

 final thoughts

im not financially free yetbut im a whole galaxy away from that window seat bus ride to college

there were setbacks there were silly mistakes there were financial strategies even my future kids will mock me for but there were also leaps of faith good humans and strokes of luck that made it all possible

if youre starting out and feel lost trust meyou dont need to have it all figured out just keep moving be frugal where it matters splurge where it counts and never underestimate the power of compounding financial and careerwise

and most importantlystay humble life has a funny way of keeping you grounded like your 250 shoes falling apart while your stock portfolio quietly climbs

heres to the next chapterand hopefully to a peaceful earlyretired version of me laughing at all of this from a hilltop caf in himachal

disclaimer  formatted and polished with chatgpt",2900,351,2025-05-14 10:55:40
the zudio of watches,no text content,524,35,2025-02-23 05:52:40
help me find my style,"recently i have gained a lot of weight around my hips and tummy and i am extreeeeemely conscious of my body can you please help me find my style outfits that would look good on my body type


outfit details
picture 1 top from myntra skirt from zudio
picture 2 top from myntra again
picture 3 an old shirt style kurti that i got cropped from the tailor
picture 4 saree from mom
picture 5 paneri mumbai
picture 6 trousers from zara top from myntra",1677,615,2025-05-27 04:57:39
why we lack civic sense so much scenes at zudio gariahat,people lack the basic sense of putting the shoes back on the rack after trying them,450,64,2024-08-11 14:23:15
styled this 500rs shirt that my mummy got for zudio,opinions,354,112,2023-12-22 07:08:46
lower from zudio,"it proves the proverb mehanga roye ek baar sasta roye baar baar 

basics bahut achche hai dono pockets me chain milti hai nada no branding plain ok fabric 

lekin rang chhodta hai 12 mahine me hi    lagne lagega

edit english 

ps  1st elafda of this subreddit",40,42,2025-07-10 07:12:40
zudio  try me makeup being used on face,"visited zudio few days ago found women applying try me products right on their lips cheeks and the whole face 

i visited zudio after a long time so this was something new 

my jaw was on the floor when i saw a mother applying try me lipstick on her toddlers lips i stopped her and told  infection disease kuch bhi ho sakta hai ese lips pe ya face pe mat lagao then she wiped it with fingers as if being caught and not because she got concern

later i saw a girl around my age doing full makeup with all the try me products 

then more bunch of ladies were doing full face makeup with try me products applying it on their kids as well their kids also using them on their face and lips like a toy i wanted to intervene but i thought they wont listen and might start a fight with me they were giving an aggressive vibe and were loud people 

so i just informed a staff but they were not caring much so i paid for my stuff and left 

what else could i have done to stop them",305,49,2024-11-17 10:22:10
thinking to open a zudio store in bokaro,i was thinking to open a zudio store in sector 4 bokaro  would it be a good decision or not  little bit confused,13,41,2025-07-03 14:53:09
saw someone get caught stealing at zudio,"i went shopping at zudio yesterday and was trying on a few dresses as i stepped out of the trial room i noticed a girl whose bag was being checked stuff was just pouring out of it tons of cosmetics watches zudio tags clothes and a pliershe said it was for jewellery she kept insisting that she had bought everything and that the bill was with her sister

the manager took her somewhere and later she got caught stealing turns out the total was over 7000 rs once everything was settled she was about to leave but she got stopped again because apparently she had also stolen from westside she didnt get caught there but she decided to do it again here",185,43,2025-02-08 17:14:42
what in the huda beauty is zudio doing,went to zudio today and i saw this tint which reminded me of the huda beauty blush exact packing attaching a swatch in the next picture,152,32,2025-04-22 18:30:31
ladies who shop at zudio  what do you love buying there,"i want to know what do you think are good at zudio and what kind of products do you usually like and go for  clothing accessories beauty items etcat zudio 
specific answers are appreciated",8,36,2025-07-11 15:42:54
varanasi gang rape allegations victims close friend exposes alleged victim,"a close friend of the alleged victim in the recent gangrape case in varanasi has come forward with a statement contradicting the complainants version of events

according to the friend the alleged victim was with her on 30th march and the two had gone shopping at zudio she has supporting photographic evidence to substantiate this claim

furthermore it has been revealed that the boy falsely accused of rape on 29th march is the brother of the girl the complainant is allegedly pressuring into marriage



do you remember how many declared several men rapists without even waiting for details we must avoid doing that always this is not just about varanasi false rape cases are in thousands now across the country please stop believing everyone without waiting for details",2839,162,2025-04-25 08:22:16
zudio makeup haul,so i went to a different city yesterday and visited zudio theres no zudio in my city and kept mindlessly putting stuff into my bag zudio makeup is so underrated like bro  their lip balms  also the star shaped eyeliner stamp is so cute,38,32,2025-07-02 07:48:19
zudio mini haulnot sure if its right place but i wanted to share so badlyyyy,"the wet wipes are soo soo goodyou should try them 30rs for 10pcsall of them

i have yet to try zudio erasedits micellar makeup removal wet wipes 30rs for 10pcs

exfoliating toner pad is also quite decent for the price range80rs for 20 pcs

lipsticks are decent not long lasting but definitely good quality and did not makes my lips peel price range is bw 99rs  199rs
attached pics with lipstick names in next slides


thank you so happy",67,29,2025-06-02 20:45:35
zara se zudio tak ka safar,context i had a photo of myself in zara showroom uploaded on my hinge profile,318,41,2024-07-15 04:00:32
what do you guys think lord zudio,"took suggestions from the previous post 
clothes are from zudio store",22,20,2025-07-20 05:47:15
zudio haul since my broke ass can only afford that,no text content,122,35,2025-02-07 17:43:18
best buy from zudio,it smells so good  i use it every day and its one of my favourite thing from zudio,105,31,2025-03-14 15:27:02
should we lose the boots,"dress newme
boots nykaa fashion
bag random offline store in rajasthan not a part of the outfit
do the boots look weird if they do what would look better with the dress",1033,244,2025-06-16 06:40:07
yogesh in zudio,"was quite surprised to see his pic lmao 

woman makeup section mai lagaya hua tha though",118,16,2025-05-16 11:49:29
freakins zudio hm,no text content,27,17,2025-07-11 17:18:59
thinking to get a zudio franchise,hey i am looking to open a zudio store in tier 23 city if anyone of you already owner has done it please reply under this got so many questions regarding it,35,48,2025-01-15 19:55:20
appreciation post zudio in mantri has many nonnatives speaking in kannada,"i went to zudio for shopping towards the end when i standing near the bill counter one of the nonnativeprobably a from north east to karnataka was taking care of my billing the conversation went like this

him sir should i make a single bill for both the piecesone piece was added late

me   

him sir 586

me gave out my card

him took it and inserted into the machine sir tap  

me surprised    
   
      

zudio empoyeee billing in the counter       

him smiling carry bag   

me with broad smile on my face   


that is when i realised what we are looking for in nonnatives we are not looking for them to be an experts in conversational kannada all we look for are small efforts that they put at times most of the sentences even we speak has more english words than kannada in them 

 door close madu
 car yellide
 madiwala ticket kodi
 lunch ayta
 yaava area nimdu
 mg road barteera

even when somebody who cannot speak kannada put an effort to form such small sentences as above fills our heart",140,46,2024-09-28 04:12:36
got the zudio free man edp,"paid a trip to zudio today clothes are okay got a couple of tops and a ton of socks everything is a bit retro right now they have glitter lipstick 

then i moved towards the checkout where they keep the knickknacks and the perfume display was mostly wiped out most of them were assault on my nose and smelled pretty similar only this one stood out its a fresh perfume has a bit of everything citrus floral spices theyre selling a 30 ml bottle for 199 while the opening is strong i dont think its going to last for a long time 

now i am wondering are their perfume department different from that of westside maybe will have to visit a store soon",5,19,2025-07-09 12:55:00
a question for all kpop fashionzudio fans,"how do you wear all that clothing made out of synthetic fibres in this humid weather 
most of the attractive tees topsbottoms in these shops are usually made of synthetic material  i saw lots of collegeage folks avidly browsing those sections
this summer i saw a thick jacket in one of the zudios here and wondered how on earth would someone wear that in kerala unless they have airconditioners whereever they go
i have got nothing against being fashionable but your skin will thank you for selecting natural breathable fibres",33,22,2025-05-29 10:10:41
what the flying truck is up with zudio,does zudio think this is frikin the us of a or something why are literally every single one of the tops in womens section made with the most thickest of the materials ever and all of them and i mean all of them are crop tops where is the diversity ee sweater polthe thuni  ivdathe odukathe choodath engane idaana i mean how tone deaf can they be to only sell these types of materials in this scorching heat winter collection okke kollam pakshe avark sthalam maari poyen thonunu it was so frustrating,116,36,2024-12-23 10:40:05
zudio hand creams fail,got these zudio hand creams for 70 bucks each these are big in size and u get almost 4 times of what u would get from another brand in same price but they smell cheap yup  i said it  it smells cheap and i dont think i wanna wear them,38,46,2024-12-30 13:15:26
didnt know jan worked in zudio,saw this at a zudio store today and was instantly reminded of jan,87,14,2025-05-26 20:10:45
6yearold asking for momos turned out he was drinking what is happening,"im still not okay after what i saw today at start bazar nigdi near zudio

i was just having momos when this tiny extremely skinny boy  couldnt have been more than 6 years old  came up to me and softly said

didi momo chahiye

i offered him one from my plate but he said

apna chahiye naya chahiye
that line just stayed with me he didnt want leftover kindness  he wanted his own so i bought him a half plate of momos

then he started pointing at the more expensive ones
he kept saying woh chahiye
after a bit of convincing he finally agreed to take the one i offered  but he insisted on a parcel

just then the momo stall guy looked at me and said

achha kiya paise nahi diye ye toh pee jaata
i was confused what do you mean pee jaata hes a kid
the guy just nodded toward the kids jacket pocket

and when i looked i felt numb
there was a small ib quarter bottle inside
yes that child was carrying alcohol

he didnt want food he wanted chakna

i couldnt process it i felt frozen how is this normal

i told a police patrol vehicle nearby bhakti shakti chowk they listened nodded and drove off i dont know what theyll do if anything but i havent been able to stop thinking about it

how did a 6yearold even get that bottle
is someone selling alcohol to kids giving it to them on purpose using them

this is beyond heartbreaking  its horrifying

alcohol can destroy a childs brain his liver his ability to grow to think to live normally
even one bottle can do irreversible damage
and he looked like he hadnt eaten for days  but he had that in his pocket

i dont know whos responsible but i know this this should never happen

please if anyone knows what can be done  any pune ngos childline teams anything  please share

this cant be just another sad story we have to do something

edit  after a lot of suggestions i did contact 1098  they will do an intervention most probably",1259,141,2025-07-02 18:30:42
max or zudio which is better,"was planning to buy some kurtas and tshirts which of these two  maxzudio has more options and is better overall


update purchased from zudio will let yall know in a couple of months time if there are any issues with the quality since some have flagged that as a concern",1,17,2025-06-25 05:18:55
trying out zudios beauty range for the first time what should i try first,no text content,15,15,2025-06-25 15:48:14
a true legend who took india to the global stage and worked tirelessly for the countrys growth his legacy will live on forever rest in peace rip ratan tata,no text content,3648,150,2024-10-09 18:18:37
am i the only one who find zudio overrated and worthless,no text content,21,11,2025-07-09 04:09:14
zudio really cooked here,"i have been cribbing about zudio makeup being really bad for skin and lips  but this product is actually really nice  
i recently got this and it feels so light weight on the lips  and the shade is soooo pretty  even though i was pretty confused if to buy it or not  my bf explained to me how all these brands westside zudio ets get their makeup manufactured from the same place  and because it is a tata brand item  i bought it",25,22,2025-04-25 20:21:04
where can i find a crop tank top like this in coimbatore if not in zudiomaxwestsidetrends,"reposting with text type post 
i found this top on myntra recently but im not getting the same one when i order them either colour is different or the sleeve type changes i wanna buy that one in coimbatore but if i dont find it in store like westsidezudiomaxtrends where can i find it like in townhall or smth 

thanks in advance for helping 

link for the top",6,13,2025-06-26 18:41:11
just a zudio thing,no text content,166,18,2025-01-10 14:51:26
little zudio haul,"madrid is citrusy with hints of orange 

i fell in love with the smell i always wanted a perfume which smells like orange i can just pray for good longitivity 

other perfume night out is for my husband he liked the smell

and fingers crossed for dry shampoo this js the first dry shampoo i will ever try thats why didnt want to spend a bomb this one was for 99 only

lip balm is a beautiful pink shade and surprisingly zudio lip balms are really good",24,11,2025-06-22 17:50:59
any idea what store is opening above style union and zudio near dmart the board says downtown,"the board announces downtown upcoming at the location is it a restaurant cafe pub or something completely different like another clothing store

tried googling to find the logo they have on the coming soon bopard but could not find any references",5,15,2025-06-09 05:57:00
not zudio trends etc please suggest small shops for buying cotton casual shirts under rs600 for everyday wear,no text content,2,9,2025-07-18 03:12:03
fragheads helpobsessed with zudio salsaany similar perfumes around,"i was randomly checking out zudio perfumes when i came across this gemzudio salsa and ayoooooo what a fragrance man if i had to describe it its like this fruity strawberry vibe with a bit of sweetness and a citrusy kick smells so good 

but the sad part i couldnt find it in a 100ml bottlesearched all internet and local perfume shops  and it doesnt last that long either i even tried looking for similar perfumes but nothing came close  

so i thought id ask you guysdoes anyone know any perfume with similar notes if you do please let me know  pwease

and if i still dont find anything im thinking of hitting up a local perfume shop and seeing if they can clone it not super hopeful about that though",19,36,2025-01-10 03:53:02
wtf is zudio,i am new to the fashion world i usually get my clothes from meesho or spend one day of the year to go to fashion streetmumbai i am hearing about this store called zudio a lot nowadays i dont really trust big showrooms for buying clothes cause they are expensive my most expensive piece of clothing is a hoodie of 1800 which i bought from such store so does it have sale everyday,6,10,2025-07-01 12:55:59
zudio i wasnt familiar with your game,if you love the scattered glitter looks this is so good and no mess,29,8,2025-06-26 08:09:17
bhyyii zudio ne apne products kb sell krna shuru krdie online shops mei,no text content,9,9,2025-07-04 14:08:48
got this for 799 from zudio worth it let me know your thoughts tia,beige with red good gripping bottom and soft insoles let me know if this is good buy at this price point,41,29,2024-12-29 15:31:40
boycott zudio campaign for palestinian cause  bds  out of focus,no text content,2,11,2025-06-06 16:31:36
need a better quality picture of zudios 2025 summer collection dress,does anyone have a better quality photo of the dress from zudios 2025 summer collection if you visit zudio please share a clear picture thank you,2,17,2025-04-26 11:57:15
got these for 899 from zudio  trying zudio footwear for first time,would love to know your thoughts,4,8,2025-06-24 11:21:30
anybody knows the fees with  without trainer and package details at fitness zone gym above zudio east fort thrissur,"hi everyone

im planning to join fitness zone gym above zudio at east fort thrissur

does anyone know their current fees with and without a personal trainer membership packages monthly yearly couple packages etc and any additional charges

also would love to hear feedback about the gym environment trainers equipment quality and overall vibe

any recent experiences or suggestions would be really helpful before i visit

thanks in advance",8,5,2025-07-11 05:45:07
zudio accessories,no text content,23,5,2025-06-28 13:57:06
is zudio cocoa hand cream worth purchasing,im thinking of purchasing it because i want to apply something on my hands or maybe body before going to sleep because i love dreamy scents,1,8,2025-06-24 13:08:17
blind buy at zudio,no text content,6,10,2025-06-06 07:30:40
this got too real,no text content,2718,49,2025-07-04 10:16:14
what the hell is zudio,i am hearing about this store a lot lately i dont trust big showrooms in terms of buying cause they are expensive my most expensive piece of clothing a hoodie worth 1800 i bought from such showrooms i usually buy my clothes from meesho or spend one day of the year to visit fashion streetmumbai is zudio cheaper than fs at fs i can say we can get a tshirt at around 200300 pants cost more they are at 600 good ones can even go up till 800,0,6,2025-07-02 05:14:40
bought a lip oil and lip liner from zudio,"so i just impulsively picked up a lip oil and a lip liner from zudio while i was out shopping you know how it goes  they looked nice the packaging was cute and the shades seemed pretty wearable but now im wondering did i mess up 

has anyone here used zudio makeup before hows the quality especially the lip products should i give them a try or play it safe and return them if possible would love to hear your thoughts before i open them up

lip oil  strawberry popsicle shade
lip liner  blush nude n02",5,4,2025-07-09 08:18:40
bought these from zudio for just 599 lol and surprisingly its so freakin comfortable like actually very comfy,no text content,18,1,2025-07-19 19:32:51
i love this souffle from zudio,i lather it on my body after showering smells heavenly,11,8,2025-05-31 05:10:56
everything i bought from zudio,no text content,14,4,2025-06-23 09:16:17
recieved a zudio offer link but with wrong spelling,"hi i received a link from my sister and apparently its from zudio the spelling of zudio in the link itself seemed fishy to me then it got more suspicious when i clicked the link it took me to like that page where we have to answer a survey for getting a coupon or something so is this legit

the link she shared 

the link in chrome",8,10,2025-05-12 07:03:26
where can i find shirts like this,its a fitted y2k vibe,844,302,2025-01-19 08:50:39
some exhibition near zudio,hi friends  this must be my first post  yesterday on visiting zudio in sanpada at atrangi hall  saw this posterthough i would share it with you i plan to visit today properly as i am interested in perfumes did  you knew about it,1,3,2025-07-06 08:17:33
zudio bras are amazing,no text content,43,17,2025-02-11 14:43:45
zudio boom edp,"just got my hands on the zudio boom man perfume today for everyday use for just 199 this is an absolute steal the scent has a nice balance of fresh and woody notes that make it versatile enough to wear every day without being overpowering

top notes citrus  green apple
heart notes lavender  jasmine
base notes musk  amber

as for longevity you can expect around 34 hours of solid performance its not a beast in terms of staying power but for the price its definitely worth it highly recommend if youre looking for something affordable yet decent for casual wear",28,20,2025-02-02 14:06:16
which zudio is better panchakula or zirakpur,no text content,0,14,2025-04-15 12:04:37
zudio clothes fabric,so last to last saturday i bought a shirt from zudio but i didnt find the fabric to be goodit felt like polyester so i asked one of the workers at zudio about the fabric and he showed me the tag which said 100 cotton i brought it home and wore it the next day and it felt very itchy when i had tried it in zudio i had worn it over a tshirt so it didnt feel itchy then anyway today i returned it but is it possible that the tag was lying and zudio is misleading customers has something similar ever happened to you,3,8,2025-05-25 20:42:46
what happened to zudio ujjain,no text content,2,6,2025-06-09 07:04:06
bought a lip oil and lip liner from zudio,"so i just impulsively picked up a lip oil and a lip liner from zudio while i was out shopping you know how it goes  they looked nice and the shades seemed pretty wearable but now im wondering did i mess up 

has anyone here used zudio makeup before hows the quality especially the lip products should i give them a try or play it safe and return them if possible would love to hear your thoughts before i open them up

lip oil  strawberry popsicle shade
lip liner  blush nude n02",10,1,2025-07-09 10:17:34
title,no text content,1855,128,2025-01-05 09:46:01
crafted a watch strap from old zudio jogger,no text content,54,6,2025-04-18 13:02:39
has the zudio store at chittethukara seaportairport road reopened,has the zudio store at chittethukara seaportairport road reopened,3,3,2025-06-23 07:08:55
why is kakkanad zudio closed,why is kakkanad zudio closed is it for renovation of part of zudio close downs across the country,11,4,2025-06-06 14:56:03
what is zudio,i am new to the fashion world i usually get my clothes from meesho or spend one day of the year to go to fashion streetmumbai i am hearing about this store called zudio a lot nowadays i dont really trust big showrooms for buying clothes cause they are expensive my most expensive piece of clothing is a hoodie of 1800 which i bought from such store so does it have sale everyday,0,2,2025-07-01 12:59:10
which brand offers good and affordable clothing other than zudio,"my college will be starting in a month and i dont have much clothes i obviously dont really want to go with clothes from zudio as everyone goes there so theres not much of a point would really like to hear your opinion

i dont really want to go for thrifting as there is no trial room there and chuna lag sakta hai",1,1,2025-07-07 18:23:55
mini zudio haul,i visited zudio for the first time i was hesitant to buy their makeup bc i heard it isnt good quality but the accessories  jewelry really surprised me the bag charm  the shoe charms are so cute,13,8,2025-05-02 20:03:29
a mini zudio haul under 999,dm comment for reviews,4,15,2025-03-16 14:55:03
which brand offers the most affordable and good clothing other than zudio,my college will be starting in a month and i dont have much clothes i obviously dont really want to go with clothes from zudio as everyone goes there so theres not much of a point would really like to hear your opinion,1,0,2025-07-07 18:22:09
stocked up  ready for operations  update on zudio near gurudwara,no text content,30,14,2025-02-18 03:21:06
my phone was stolen in jaipur malviya nagar sector 1 near zudio,"6     iphone 14 blue         1         fir    

                 cctv     

 17   11                

                             

             policerajasthan",5,2,2025-06-16 20:39:14
zudio woman edp  unexpected gem,"just got this zudio perfume and wow  299 rs for 50ml and it smells amazing seriously

its this soft floral scent that legit smells like fresh wedding flowers  those fresh flowers you catch when you walk into the venue soft so soft also a hint of rajnigandha  not the heavy tuberose but the real fresh flower smell theres this tiny lemony touch that makes it feel really fresh after a while it gets this soft musky undertone thats really nice

stays on for like 6 hours on me projection isnt crazy but honestly i dont mind oh and its got a green dot so i think its vegan my bf picked it out and hes into it too

for the price cant complain at all",33,9,2025-03-25 08:38:19
zudio kal chalu hoga rewa mein,no text content,6,14,2025-03-08 10:02:43
too much hype of zudio nowadays is it worth it,is it me or youre also seeing your feed full of zudio hauls everywhere like whats this highly promotion going on after watching all of these products i decided to give the zudio makeup a try but i mostly end up with acneive combination acne prone skin evrytime trying something new so i would like to know are these comodogenic or not also if anyone of you regular customer of zudio pls tell your experience about most underratedoverrated product of zudio makeup,42,45,2024-05-01 18:51:39
what happened to zudio shillong,why was it suddenly closed despite gradually becoming one of the most profitable zudio stores in northeast india ive heard some rumors here and there but nothing concrete could someone provide the actual reasons or wellinformed hypotheses instead of opinions,25,17,2025-01-18 07:10:50
fragrance that smells like zudio cherry blossom,it is a shower gel i like the smell a lot and want a perfume or aththar or fragrance that smells the same any recommendations,1,3,2025-06-03 18:14:33
my outfits from the past week at work which one looked the best,shirts van heusen hm and zudio pants arrow offduty and lee cooper shoes woodland and redtape,734,390,2024-11-17 12:36:04
trying out zudios beauty range for the first time what should i try first,no text content,1,0,2025-06-25 15:50:13
how to use tata neu coins at zudio,how to use tata neu coins at zudio in one store i asked they didnt even know,0,4,2025-05-25 19:46:45
dont go to zudio,"unless you dont have problem waiting 30 minutes for billing
theres only 1 person for billing in mens section bc wait karte krte pair mai dard ho rha he",11,10,2025-03-28 10:52:51
reel on boycott zudio,is there any truth to the analysis she presents in this reel she is an exarmy officer should we consider her a credible source,4,0,2025-06-21 13:45:51
what is opening next to zudio,title,19,18,2025-01-09 12:44:25
zudio perfumes review budgetfriendly scents with premium atomizers,"i recently bought two zudio perfumes for 199 and 299 i think they have the best atomizer in all the budget perfumes it comes with a pressureized atomizer and its high time that other budget perfume brands catch up

heres what i think about each perfume

ciao  199
this perfume smells sweet and fresh with a good cinnamon note it has a similar scent to paco rabanne invictus and rasasi hawas and its also the budget champion wild stone edge it gives off a good feeling and stays on your clothes for about 56 hours with 10 sprays

madrid  299
this is also a summer perfume with a citrusy note especially orange it could be a good office perfume in the budget category because its light and fresh however it doesnt last long because of the scent profile so you have to carry a bottle  it stays around 34 hours or maybe 5 hours in a close environment itll give you the vibe of clinique happy for men perfume

i recommend checking out the perfumes at the store next door im sure youll find two that you love

edit photo in comment section as forgot to upload with main post",18,15,2025-01-31 19:21:31
i know this is nowhere near the level of the stuff posted on here but this onerock by zudio is absolutely amazing refreshing and lasting fragrance,rs 79 for 9ml bottle,55,47,2024-02-21 05:38:19
what has your experience been with mr diy or zudio jewellery do their products tarnish quickly,no text content,0,1,2025-06-09 08:11:10
zudio boycott,no text content,1,0,2025-06-12 12:29:07
found on youtube via automatic crawling after exam shopping day  ytshorts asmr shorts viralvideo zudio shopping,no text content,1,0,2025-06-09 16:25:34
zudio on top,no text content,1,0,2025-06-08 18:39:14
zudio getting rid of products,recently ive noticed that some products such as the zudio juicy lip balm are missing in their stores is it the same in the stores near you as well i truly wish they dont because that was one of my favourite products,7,6,2025-04-14 15:39:23
palestine supporters are protesting against zudio,no text content,1,1,2025-05-30 10:32:07
where i can get budget clothes in nagpur rather than zudio,same as title,13,27,2024-09-24 11:17:57
which zudio has great collection,ok i know it sounds bizarre but somehow ive never been to a zudio so today me and my friend have finally planned to go to one please suggest one which yall found to be affordable and with a wide collection,1,2,2025-05-19 08:16:39
work at zudio in sales  is it tiring,hey any folks doing work at zudio  how is it im planning on join there,9,2,2025-05-12 07:33:09
answer to the riddle of zudio cash back on tata neu hdfc credit card,"there has been a lot of talk here with contradictory answers

but i have received neu points for transacting offline with zudio asked them to swipepin charge my credit card the biller manually put the amount to charge on the pos their computers due to some reason were not generating the amount in the pos for some reason

inserted the card and put in the pin no upi no neu app offline at store

now my next question is
received 15 as shown in the image when does the  remaining 35 show up and as what does it show up in the end of the statement in the next bill",0,5,2025-04-23 13:16:15
are these good for casuals,"tshirt   zudio blue crazymonk yellow one piece t
jacket  gritstones
pant  thrifted

so are these fits looking good on me",557,768,2024-09-01 15:01:41
meeting randoms at zudio,"i am 22m and i am at rajouri garden rn and goin to zudio for some shopping
if anyone wants to join me heshe can and help me with my shopping for my udaipur trip
it would be very kind but one thing i am extremely shy and introverted kinda person
and its genuine and if anyone thinking it is a prank or joke something he can scroll it
chaio i am waiting for you there 3",1,1,2025-05-23 13:12:01
how old were you when you realised that the rich live cheaper,"took me a long time but i realised that the rich people truly pay less for everything compared to the rest of the country read the boots theory

  
1 travel while rickshaws now start at rs26 working upwards of rs4km evs can go as low as rs1km while also being incredibly convenient

2 apparel all brands last 45x of unbranded apparels sometimes lasting decades 

3 stay your rent increases 810 a year along with inflation making owning a house an everdistant dream meanwhile the ones who bought a house enjoy value appreciation to offset the inflation while their income increase just counts for that 

the system isnt out here caring for us its gamed to keep the poor poor by making life eversoslightly expensive periodically",814,152,2025-04-16 06:12:05
did tata neu infinity get devalued doesnt work with zudio,"last month i made purchase at zudio inside a star bazaar using credit card but this month after statement generation i see it earned literally zero neu coins

the coins earned field is empty

i read online here on reddit and on other sites that it is working with zudio but those posts were a couple months ago

so i checked the list of partner sites on both tata neu app and hdfc bank website there is no mention of zudio in the list

hdfc link

the only issue is that the zudio purchase is showing up as tata star in the category i dont know if this is a mistake or if they changed that",1,13,2025-02-07 03:19:40
zudio in latur,opening in front of shopers stop,23,9,2025-02-17 17:05:09
curious about zudio,why is zudio closed today ehh  the one near gumti i guess,2,1,2025-05-18 13:49:17
zudio at jalgaon,no text content,129,16,2024-08-08 10:42:48
news a new zudio outlet is set to come up at chetakpuri this will be their 3rd outlet in gwalior,no text content,12,12,2025-01-31 07:49:11
stock  real world zudio example,class 11th accountancy  basic accounting term,2,5,2025-04-12 19:22:32
does anyone know how much days it takes to get a job in trendszudio reliance stores the big stores,i have sented them my pan card and aadhar card which they asked now i dont see any reply from them so is this normal the manager said hell call,3,11,2025-02-13 11:15:15
anyone worked at westside zudio or bata need parttime job advice,guyshow to get a part time job in stores such as zudio  westside  starbucks  bata does anyone have any experience here kindly share oru idea ellado i need to apply online or avide direct poyi chodhikanopls help,8,13,2025-01-16 16:03:01
video second zudio of gwalior,"2nd zudio store looks bigger than the first one
plus got to know bbq nations also opening here",20,17,2024-11-23 18:20:09
zudio night out alternative,i recently bought perfume from zudio called night out and i extremely loved it if anyone here can suggest any designer perfume that resembles this smell i want designer one for little bit more projection and longevity,11,5,2025-03-24 17:03:55
pathetic quality from zudio,found a piece of plastic in my lipbalm bought from zudio,0,19,2024-11-27 13:26:41
is zudio in trouble what the numbers are really saying,no text content,18,2,2025-04-11 11:51:11
does anyone knows how to apply in zudio for part time job,"i am still in college i just recently got fired from my job i really need some part time work i dont have any experience in retail does zudio hire through recommendation from their employees  how do you even know if they have vacencies please help me i can work anywhere to be honest without bachelors degree nobody want to hire you so please help me if anyone know where should i apply it doesnt have be zudio only anywhere works 
i dont have prior experience in 9to5 i used to work with my dad my previous job i got through my friend  i want to work somewhere with somewhat flexible working hours i have to attend my exams so any advice will be much appreciated my financial condtion is not that good so ami jekono kothau kaj korte parbo ami jobsite gulo try korechi hoyto amr resume strong noi kono lav hoche na if anyone can help me with some advice how to land a job",1,1,2025-05-03 09:30:20
zudio madrid man  review,"juice i couldnt find the notes anywhere but nonetheless here is what i felt the opening of the perfume is quite synthetic its fresh aquatic and just a bit sweet it almost resembles a freshly cut watermelon on a tropical beach slightly sweet and very aquatic this perfume is very linear so this smell continues throughout the drydown it is a good nonoffensive casual summer fragrance

performance this is a bit shocking because i have a few goodperforming fragrances in my collection and this cheap perfume gives those expensive ones a run for their money

projection 45 min  1 hour

logitivity 56 hours  it continues to leave a trail even after the 68 hour mark sometimes

price 300rs 

for some reason this has a really good atomizer 

  
overall i was impressed with the value and scent its a masspleaser and a safe fragrance

recommended no although it performs well there are some perfumes under 500600 that smell and perform absolutely bonkers review coming soon



upcoming reviews

1 souled store galactic man

2 ciccio blue this one is really underrated",25,17,2024-11-08 15:41:16
which zudio in kochi has the best collection,i was new to zudio so wondering which outlet had better collection for each category,11,17,2024-11-22 04:34:57
got dark lips by using zudio lipsticks,"as the title suggests  i was on the search in the market for lipsticks that were an alternative for maybelline and loreal cause i wanted to save some money   worst mistake of my life fr 

i saw zudio on my fyp and bought their liquid lipsticks to try used it for the first time  liked it  second time  it made my lips super dry and cracked so stopped using it kept it in the drawer and forgot about it for almost 4 months anyways so i had used their lipstick more than 10 times this month and it has darkend my lips significantly  

for a little bit context  i have pink lips but now the outer lips are darkened   my mom pointed it out while i was getting ready

i  googled about this and found no remedy so started using ghee and azelaic acid  i have 15 cream that i use on my skin so i apply the slightest amount  on my lips  have done this  for 3 times and found no result

guys pls help 
what should i do 
i want to cry",6,4,2025-03-26 02:11:17
worst zudio in kolkata,the gariahat zudio is the worst zudio ive ever seen du bar gechi and hated it both times cuz although jamar collection is goodall the other things for example perfumes ami perfume pagol there are no testers and jodi thake tar nozzle ta bhanga and every makeup items like lipsticks are spilled and all in all bekar legeche,1,4,2025-03-27 12:29:29
kfc  zudio aur dmart kab chalu honge,no text content,1,8,2025-02-14 11:52:04
stock  real world zudio example,"class 11th accountancy concept 
stock",4,1,2025-04-12 19:21:29
zudio outlet in south delhi,probably first zudio outlet opened in south delhi location garhi east of kailash next to church of transfiguration,13,5,2025-02-25 12:47:32
anyone worked at westside zudio or bata need parttime job advice,guyshow to get a part time job in stores such as zudio  westside  starbucks  bata does anyone have any experience here kindly share oru idea ellado i need to apply online or avide direct poyi chodhikanopls help,6,10,2025-01-16 16:07:43
got from zudio 149,no text content,19,11,2024-12-18 20:35:59
a mini zudio haul under 199,dmcomment for reviews,1,4,2025-03-16 15:01:34
zudio part 2 flex,i hope after my last post people were tracking zudio after a consolidation last week after an all time high break out it continues the momentum today,30,21,2024-08-19 04:15:36
review of zudio man,"cheap long lasting and smells very nice  

i first got the small 9ml from the counter to try and was instantly in love with it so today i went back to get some more and there wasnt any small ones left i didnt know they came in the 50 ml at first i was really disappointed but i went to see what was on the discount section on the first floor and there it was a whole rack of 50ml bottles  i recommend my friends to buy this as i liked it very much so 2 of my friends also got it and they loved it 

it is slightly alcoholic at first and as it dries down it projects a warm powdery and slightly sweet scent that is very pleasant it doesnt smell like the other cheap ones i got

i also got 3 compliments from the 9ml bottle thats why i decided to buy more thats 2 compliments more than i got form dior sauvage

projection is average  so is the longevity so i would rate it as 
projection 710
longevity 510
complement factor810
value for money 1010
recommend 1010

its cheap but it doesnt smell cheap so i would highly recommend this to everyone 

this is my first review and i dont know how to distinguish the difference scents so i know what im smelling",26,21,2024-08-21 15:24:47
meetup near hsr layout sector 4 zudio talk n chill,no text content,7,7,2025-02-02 13:39:10
name the brand of which shoes you are using,"and if you purchasing online then which platform and brand name 

im searching on amazon and flipkart but im confused 

btw my budget is not too high",251,373,2025-04-26 16:48:11
domain expansion level zudio,"zudio shirt expansion is crazy regular l size shirt vs zudio after one wash 

i bought that yesterday 

should i return or just wait for it to dry",1,1,2025-04-04 17:53:17
loved this tank top from zudio,no text content,93,47,2023-05-14 18:46:26
zudio how does it look,no text content,3,2,2025-03-16 10:15:38
why do the 199 zudio tshirts go so hard,no text content,22,11,2024-11-16 18:08:22
reliance smart bazaar opening next to zudio but still no mcdonalds,no text content,9,7,2025-01-12 06:17:09
zudio designs are the final boss not including them,no text content,14,0,2025-03-17 17:32:31
zudio franchise scam potential data leak,"my brother recently inquired about zudio franchise by submitting an inquiry on the official website zudiocom

shortly after his inquiry he received a call from an unknown person who claimed to be representing zudio franchise distribution this individual shared brochures and a form with him via email from the address zudiosfranchisecom

a quick glance to the email and attached materials and it became clear to me that this was a fraudulent attempt 

however what is most concerning is the fact that the scammers had access to my brothers contact information including his phone number and email address which was shared no where except zudios official website 

this is either a major data breach issue or someone internally is involved in these scam 

i would suggest all of you to be aware",2,20,2024-09-04 10:12:07
anyone worked at westside zudio or bata need parttime job advice,guyshow to get a part time job in stores such as zudio  westside  starbucks  bata does anyone have any experience here kindly share oru idea ellado i need to apply online or avide direct poyi chodhikanopls help,9,5,2025-01-16 16:09:29
zudio at minal shopping street,"hello beautiful people
i am looking forward to invest in commercial business and looking at the pace at which minal and near by areas is growing is impressive
as you all know zudio being very cost effective and cover a large spectrum of buyers from below to upper middle class people and minalindrapuriayodhya nagarpiplani have lot of them including myself
so the input i need from you people is that will it be a right choice seeing there is only 2 stores currently in bhopal one in hoshangabad and the other one in kolar both being 15 kms away from minal residency and near by areas approximately
your input will be beneficial for me and our area to get a new shopping store near us",24,20,2024-07-26 07:58:59
influencers down south are so real and amazing like shes wearing zudio with burberry,they dont fake their life or show off brands in your face dont even hide their age and do just random normal stuff,0,24,2024-07-06 19:15:49
anyone has idea about parking for 4 wheelers in zudio ranchi,if anyone has been to zudio ranchi can you please tell if there is 4 wheeler parking available there,2,4,2025-02-05 15:28:24
hows my perfume collection,"please rate my perfume collection and suggest me something which i should add  preferably fresh and catchy for office 

my collection has 

1 mocemsa noir  super good feels fresh and flowery  have got compliments from friends 
2 engage ones  lamante college is good with absolute being the better one rest i use for gym mostly 
3 wild stone edge  needs no intro i didnt like it much though felt synthetic so i gave it away
4 stars in eyes from miniso  good perfume for 600 feels fresh  i use it mostly when im running errands or cant decide on anything else works well all the time 
5 zudio man  another synthetic ish but good perfume best one from zudio collection 
6 skinn steele  strong warm spicy peppery  feels good in winters or at night time  winter specific perfume 
7 jaguar pace  fresh perfume used it for office finished the bottle now
8 cdnim  no review needed
9 bdc  i have edt been delaying the thought of buying edp due to the cost maybe will buy some day
10 tdh parfum  i have issues on longevity with the bottle i have starts very strongly on citrus notes later notes are good but doesnt perform more than 45 hrs
11 1 million elixir  strong sweet very specific perfume i shouldnt have bought this big a bottle  as i very rarely used this one 
13 nautica voyage  fresh smells like watermelon longevity issues 

im looking for a fresh perfume which performs well like 810 hrs can go upto 810k for 100 ml bottle",349,170,2025-06-26 06:42:39
is zudio coming here,recently someone told me that zudio will be opened shortly here in rewa at allahabad road is it true,6,9,2024-12-09 14:08:37
zudio franchise,"anyone who is based out in india and own zudio franchise here i am considering to start one and would like to understand if it is a good segment to invest in and what is the expectation i should have from zudio mini store in the small town with the population of 1 lakh in terms of roi

anything additionally which you want me to know before getting into this business as i am new to franchise model business just to add zudio operates on foco model",2,19,2024-08-27 16:07:26
zudio opening near icchadevi mandir,saw it today,13,19,2024-08-07 17:27:04
zudio los angeles,i was once gifted zudio los angeles and used it sparingly however got good compliments however am unable to see it up for sale in zudio again where do i get it,1,4,2025-01-31 13:22:32
which is the biggest zudio store in delhi,i was wondering which is the biggest zudio store in delhi or if theres any store that could provide good quality clothes for men at reasonable price,8,23,2024-06-19 08:49:56
zudio sale haul,i got two pairs of chunky sneakers zudios sizing is a bit odd i usually wear a size 37 but these zudio size 40 sneakers fit me perfectly,7,5,2025-01-03 09:58:48
why are departmental stores like zudio not providing paper receipts,"receipts are the right of the customer a business needs to provide due receipts to the customer a primary reason they do not provide paper receipts is so that the customer is forced to give them their phone number it is not because they care for the environment because they keep selling paper bags on the side
providing phone number to these businesses is problematic because the phone number is used for marketing purposes and many businesses also sell their database this is where many of the scammer get phone numbers of their targets i had to get a picture of the bill on my mobile and it had to be multiple pictures as the bill was long
can a business legally refuse to provide a paper bill can anything be done about it",1,6,2024-12-16 14:45:41
casual airport fits,"1 both are from zudio
2 t shirt was a gift pants from zudio",238,282,2025-05-04 08:24:12
how do i refund from zudio,"in a recent judgment made by the consumer court against 08709070102 zudio to compensate a client and also pay the legal charges incurred due to a disagreement over a carry bag complaint the decision was made when a consumer filed a complaint against the company for adding uninformed extra charges for carry bags

this issue is faced by a customer maya sharma who visited a zudio shop to purchase clothes after making her purchase she was upset when she find an extra charge added on the bill for a carry bag which wasnt informed to her feeling frustrated",7,1,2025-02-08 06:44:55
zudio or yousta,"theres a yousta next to a zudio where i live and whenever i go shopping i visit yousta first and then zudio however i often come home with clothes from zudio because i can never really decide what to buy from yousta while the clothes can be nice the colors often dont appeal to me additionally there are always long lines outside the fitting rooms at zudio so whenever i go there it takes me at least two hours just to try things on because of the wait  
which option do you all prefer   
ps im 19 years old and i really like the fast fashion and genz clothes that both of these places offer",2,0,2025-02-21 11:17:56
fits styled in 2024 part 1,"2024 was one of the peak years for me interms of fashion styled myself and clients back to back here are the few fits 
most of them are thrifted zara newme asia savana amazon zudio and local markets",817,141,2025-01-14 11:30:56
zudio man intense,"zudio man intense is a one on one clone of zara night pour homme 2

both are sweet cardamon heavy scents that are fit for dates or casual outings and they offer similar longevity 23 hours outdoors and indoors when i say sweet i do not mean your regular vanilla heavy or tonka bean heavy scent if i am take a guess i would assume that the addition of cedarwood and musk gives it a very unique distinctive sweetness that is ver invigorating and you get a lot of cardamom in the opening although cardamon gets toned down by the end of the first hour it doesnt truly leave the scent all together 

zudio being a little on the synthetic side 

i was wearing zaras perfume today when i tried out zudio man intense and almost couldnt tell the difference between the both 

zudio costs 300 for 50ml and zara is 1200 for 100ml 

i personally love both of them and would prefer to purchase zara intense on account of it being cheaper",8,11,2024-10-13 14:27:44
whats the cheapest perfume that you like the most,you can name the ones the got you compliment or if you just love their smell or projection or them being long lasting or anything,156,287,2025-06-14 18:18:24
anyone worked at westside zudio or bata need parttime job advice,guyshow to get a part time job in stores such as zudio  westside  starbucks  bata does anyone have any experience here kindly share oru idea ellado i need to apply online or avide direct poyi chodhikanopls help,12,2,2025-01-16 16:06:16
zudios 2nd store to come up in the city and croma just opened its 2nd second store at inderganj square,no text content,12,7,2024-11-17 15:00:07
zudio beauty blender,has anyone used beauty blenders from zudio if yes can you please share a review i need to buy them but dont want to waste my money if its not good tia,2,8,2024-11-12 07:53:52
zudio haul under 200,"all products were so cute 

cosmetics nail paint naught n	1 pc	19900

cosmetics lips blt c choc 4	1 pc	9900

cosmetics lips blt c caramel	1 pc	9900

cosmetics lip gloss shimmer	1 pc	14900

bath n body body lotion ed t	1 pc	9900

cosmetics wipe nw eye mkup rm	1 pc	2900

cosmetics lip balm cranberry	1 pc	4900

fragrance mist ed tw shine 7	1 pc	19900

cosmetics lip balm honey	1 pc	4900",37,28,2023-12-24 07:48:45
zudio sale,does anyone know when will zudio sale start will delete it later,0,3,2024-12-30 15:07:43
zudio purchase cashback,"is this correct or wrong info here
zudio on tata nue infinity 15 cashback
cashback
and
5 on swiggy hdfc card",2,2,2025-01-08 11:24:57
how to find this one on zudio if its out to stock or stop from manufacture,no text content,1,3,2024-12-26 09:03:19
amj about lonar lake,no text content,2701,65,2024-08-10 06:28:58
trent zudio part 3,well the analysis is the same it has broken out marvellously today what i did different was i took more quantity and booked lesser points in the calls because i was expecting a smaller up move but looks like itll continue more,16,11,2024-08-22 09:59:28
challan ka zudio,they are clearing challans at low prices like how tfis this even legal  genuine,19,9,2024-09-14 03:09:37
are zudio underwears for women any good,not exactly fashion but i couldnt find another sub for this ive been getting mixed reviews about their underwear and needed some more concrete reviews lol,2,1,2025-01-08 16:09:22
zudio lippies and swatches,"products listed in the same order as the swatches

zudio plumping lip gloss in coffee break 510
was uncomfortable to wear stung but didnt plump the color was a dud looked like i got smoker lips

zudio shine lip gloss in caramel 1010
really lovely very very shiny comfortably sticky i believe the stickiness comes w the territory since the lightweight glosses are rarely every as shiny

zudio satin lipstick in envy and mocha 910
not the most opaque lipstick ive used but i never like full coverage on my lips and these were both stunning

zudio juicy lip balm in watermelon sugar 410
consistency exactly like vaseline but less waxy i didnt like the packaging because it didnt work with the consistency of the balm it would spill out of the tube everytime i removed the wand also stung my lips wouldnt recommend really lively color tho",36,21,2024-03-03 09:43:15
diy ombre nails with new zudio polishes,"did an ombre nail with sponge for the first time using the newly launched gel finish polishes from zudio  peach me and pink punch 

base coat butter london nail foundation 
top coat studiowest nail love gel finish top coat",51,15,2024-05-04 02:06:00
title ko ye research ke liye janna hai,no text content,804,310,2024-03-01 05:06:55
anyone know similar scents to zudio urban or where i can buy zudio urban,"it seems zudio urban is discontinued 



if anyone has any info on this perfume where i can buy it or similar scents please let me know thanks",4,0,2025-01-05 09:04:13
zudio in kolar road is closed permanently,no text content,0,13,2024-08-04 06:19:59
are zudio employees not handing over accessories after billing,"so it is the new year and you are at zudio global city the billing is done and upon handing over the billed items the employee cheekily keeps one of the items to themselves

i created a scene and thats when he counted the billed items and handed over the remaining items based on the bill

if this happened once it was ok but this happened to me twice  two days in a row

is there anyone out there who faced a similar situation at zudio",1,0,2025-01-01 12:17:55
can i exchange something i bought on sale in zudio,kindly help me there was a lot of crowd in front of the trial room soo i bought it and when i came home and tried it didnt looked good at mei bought it at a 50 discount will i be allowed to exchange it,2,12,2024-08-03 18:10:36
zudio  holika holika tint,"mixed zudio lip gloss with holika holika tint cause i was bored  

result is pretty good as zudio lip gloss is thick and stays for long and holika tint gives it a pretty colour  
lip swatch on the 3rd slide",40,12,2024-05-30 15:59:10
who are they supporting csk or rr,no text content,1148,61,2025-03-31 04:52:06
saw her after 5 years,"13 november 2024

saw her after 5 years after last board exam i was with arun she was coming outside of zudio store in golghar she was on small divider crossing the road and i recognized her immediately and soon turned back and then i was in utter shock dont know how to feel for a minute i was numb saying to slow down the scooty my heart was beating very fast and my eyes were moist my friend was in shock to see me that state because i had not told to any of my college friend about her even when they ask i have kept my life completely private and then dont know why i was laughing the whole way and my friend said that you want to cry but you are laughing and he was right as soon as i came to home i was crying helplessly in my room and dont know how to feel now i cant even listen to songs watch tv trying to study nothing works

and the funny thing is in next month a friends sister is getting married and i was hoping to see her there and meet her but after today just a glimpse of her made me shaky and overwhelmed i am thinking what will happen if i saw her face to face how will i able to talk how to do anything normal",488,240,2024-11-13 13:37:26
need suggestion guys,no text content,497,83,2025-07-18 04:18:32
zudio was closed at 830pm today,went to trikon bag zudio at 830pm and it was closed anyone knows why,4,9,2024-08-30 17:20:33
has zudio started,hi guys aaj   se aate vakt zudio jo icchadevi ke piche ban raha tha vaha bahot gardi dekhi aur kach mei se kapde bhi dikh rahe thhe kya zudio shuru ho gaya hai agar ha toh koi jaake aao aur batao acchi inventory hai kya chhapriyo ki sankhya kitni hai ye bhi btana,4,6,2024-10-03 12:38:52
yesterday bmw stuck near mahesh nagar zudio k saamne,it was near the zudio and vishal mart near lal batti mahesh nagar municipality really needs to do something for water drainage,14,7,2024-09-08 09:30:03
brunch outfit,"repost

edited out my friend if any of yall saw it the first time
top from hm
pants from zudio",665,62,2025-07-14 06:50:43
misbu  zudio haul,all the stuff is worth 1800 rs,17,20,2024-02-21 17:07:04
zudio is the new sarojini for lurky in frame that quirky miss,no text content,29,28,2023-09-22 06:15:38
any idea how many days after the date of purchase can i exchange an item in zudio offline store,is it like 7 days or  has someone ever returned or exchanged something at zudio store is it possible only at the store it has been bought at or across any,1,3,2024-11-06 20:57:16
where can i source zudio like trendy clothes for men wholesale,"i have a mens retail clothing shop and im finding it hard to source trendy clothes similar to that of zudio  westside i usually buy from wadala mumbai but the clothes there are not really trendy or at most 6 months behind the latest trends

would appreciate if anyone knows any trendy cloth manufacturers  traders

thanks",5,8,2024-08-25 08:54:16
xd to be seen near zudio opposite side seaport airport road kakkanad,no text content,34,17,2024-02-16 17:29:24
diy ombre nail art ft zudio gel finish nail paints,"my first attempt at ombre nails using 2 nail polishes from the new zudio gel finish nail paints  peach me and pink punch



base coat butter london nail foundation 

first applied one coat of the peach color then put both peach and pink on the sponge and dabbed on repeated the dabbing

top coat studio west nail love gel finish top coat



could be neater and you havent seen the cursed scene on my dominant hand lol but i suppose shall get better with practice and when i actually use a lint free latex sponge here have used a roughly torn piece of sponge leftover from getting new sofas done",60,9,2024-05-05 05:26:38
alternative for zudio,"what do u think is an alternative option of zudio 
like good trendy cloths for cheap price",2,41,2023-04-06 14:29:33
my everyday essentials ft summmmers,"book of the month  the full moon cofee shop
ipad pro 2020  2gen apple pencil
wallet
impact mints
bath and body works cozy vanilla almond sanitiser
iphone 16
pilgrim face mist
red zara temptation and tobacco
wella dry shampoo
bath and body works handcream
maybelline concealer
lovechild masaba face brush
airpods
zudio sunscreen wipes
nyx juice lipgloss
etude lip tint
maybelline lipstick
dads titan watch
xfresh eyedrops
moschino sunglasses and a big ass hair clip",490,124,2025-04-07 14:05:10
gym fits very few of 2024,all these are from savana amazon adidas gym shark zudio and  random instagram stores,670,132,2025-01-04 17:02:48
pathetic quality  zudio lipbalm,found a small piece of plastic in my lipbalm bought from zudio,1,0,2024-11-27 13:29:18
tried going for a monochromatic look got the shirt and pants from zudio hit or miss,no text content,27,25,2023-10-15 03:10:41
zudio coimbatore shopping lakshmi mills,no text content,1,0,2024-11-19 12:28:01
which zudio store is first in kolkata,i have a bet with a friend regarding the first zudio i said it was lake mall and she said it was exide we couldnt find it anywhere in google and the money is kinda big please help us out to come to a conclusion,32,16,2024-01-30 12:28:51
your experience with zudio,for me it is one of the best valueformoney brand stores i have been getting clothes from zudio for years and im happy with the quality i get for the price are there any other such brands i can explore,3,0,2024-11-05 07:50:32
zudio update,1 august se 18 august tak sale hai agar koi gya hoto batao bhai kya kya maal hai or price or quality,2,7,2024-08-03 11:43:30
tried zudio lipsticks,recently bought zudio lipsticks from store tried on with an old sheer pink gloss i had at home  didnt add any filters but definitely looks different irl  left with butt hole lips within few hours  can be compared to kids makeup explains the price wouldnt recommend,33,7,2024-06-06 07:40:18
how are zudio lipsticks,"i recently saw zudio lipsticks for 99 this price seemed suspiciously low maybe because it was the end of year i want to know if zudio lipsticks are of good quality the low price makes me think it is not of good i dont know a lot about makeup and lipsticks
i would really appreciate the help",14,19,2024-01-05 17:24:08
mini zudio haul swipe for swatches,"plump mango mood lip balm149
plump strawberry crush lip balm149
lip scrub lip balm and lipstick mini kit  199
nail paint wipes  49
eyeliner black  99
candy flush tint  199

i got a discount on the mrp tho i have just added the actual product mrp here

hi guys i must say they have added stuff to their collection both the juicy lip balm smell good the cheek tint is good i just used it yesterday",23,13,2024-03-17 06:40:25
zudio lipsticks,"visited zudio store picked couple of nude shades for me
went early in the morning to avoid sephora 10yr olds  store was less busy was able to swatch in peace 

i was just checking around since i liked these shades decided to buy 

satin fling stayed longer applied at store was there after eating and home matte ohso nude on the other hand broke off the packaging when i tried to apply at home also was crumbling apart easily 


matte ohso nude priced at 99  satin fling priced at 149",8,10,2024-05-25 06:32:07
so here is mine little zudio lippies haul,no text content,10,4,2024-08-11 06:46:03
zudio lipstick swatches and a question,"has anyone brought make up from zudio if so has it been good i am doubtful of the quality and did not buy some pretty shades definitely though 

what other stores like zudio has makeup which also has quality",22,24,2023-08-24 18:33:47
zudio haul,no text content,11,14,2024-03-01 15:24:03
