channel_name,date,likes,comments_count,view_count,title
Naina Saikia,2024-09-12 15:00:47+00:00,0,6,229640,zudio new collection zudio pinterest fyp explore zudiohaul zudiofinds
Dikshu Vlogs,2025-07-02 04:24:37+00:00,1200,13,153164,zudio sale 2025  zudio sale on 1 july viralvideo zudio zudiosale2025 fashion shorts trend
Vanshika Singh,2024-10-26 05:09:57+00:00,5600,16,513222,zudio find lovely jewellery launch  affordable prices zudio zudiohaul trending viralvideo
Jaaimanivel,2025-08-12 11:31:00+00:00,14000,467,201422,bottle    mass karthi  part1  jaaimanivel
shimic my home,2025-06-18 17:17:19+00:00,1900,17,276686,zudio summer collection 2025  zudio latest collection 2025  zudio zudio shorts trending
Pratibha Chand,2025-06-16 09:49:39+00:00,1100,4,174247,zudio summer latest collection zudio summercollection fashion lifestyle pratibhachand shorts
Explore With Abdul ,2025-03-24 14:04:54+00:00,14000,203,3290378,zudio paavangal  shorts zudio
shimic my home,2025-01-01 11:08:05+00:00,1200,8,175373,zudio new year sale 2025  zudio sale 2025  winter sale  zudio sale zudio shortfeed shorts
Dewansh Soni Official,2024-09-13 13:30:33+00:00,10000,29,587195,zudio ka naya stock  minivlog tranding viralshorts zudio
AswathyAchu,2025-08-07 10:13:09+00:00,60,0,6401,zudio sale under 399 shopping minivlog
Shivani ka Safarnama,2025-08-13 05:02:23+00:00,0,1,2428,things i got from zudio on sale  zudiohaul bestdeals viralshorts ashortaday
Vibe With Chinchuzz,2025-06-15 08:31:48+00:00,29000,54,1266717,500 zudio challengehow can i buy this much products from zudio with500zudio minivlog challenge
Sanjukta Saha,2025-07-16 17:27:19+00:00,419,12,18045,omg zudios newest collections are  durga pujo shopping
Ayush Shukla,2025-08-07 10:30:15+00:00,0,23,76494,how zudio earned 8300 cr offline
Pearl Unbox,2025-08-13 11:54:34+00:00,8,0,1036,zudio sale haul part 2 shorts ytshorts sale zudio zudiohaulvideo zudiosale zudiofinds ugc
Vels Life Routine,2025-01-19 11:43:55+00:00,7500,23,138520,999 299   zudio sale  tamil  vel
Explore With Sangita,2025-08-13 08:39:20+00:00,378,5,7808,zudio sale  shopping       mini vlog
Gunasree Koyilada,2025-08-12 07:30:15+00:00,399,4,20237,zudio saleshortsfeed viralvideo trending youtube zudio westside mumbai gunasree telugu fun
Vashu Aulakh (Kriti),2025-08-12 12:45:42+00:00,880,2,108582,shocking zudio store experience  damaged makeup products  zudio budgetshopping ytshorts
shimic my home,2025-07-13 05:07:30+00:00,718,12,71832,zudio summer collection 2025  latest collection 2025  zudio  zudio sale 2025 zudio trending
TANIIYAA ,2024-04-10 12:03:36+00:00,33000,112,1254382,zudio shopping haul  makeuphaul skincarehaul zudiohaul zudio viralproducts shoppinghaul
HER Wardrobe,2025-08-01 13:26:27+00:00,485,4,47546,zudio 499 or less sale trendingshorts shopping fashion sale zudioindia zudio zudioshopping
Foodie Bharathi,2024-02-24 10:32:00+00:00,3600,15,345380,zudio shopping  tshirts finds under 199rs shorts zudio zudiofinds shopping dmart vlog
RAHUL R V,2025-08-09 14:14:11+00:00,907,26,166368,zudio sale kochi zudio kochi kerala trendingshorts youtubeshorts
URONCHONDI MEGHNA,2025-06-16 12:45:10+00:00,3700,38,156963,zudio collection in june    minivlog dailyshorts daily shopping  dailyvlog fun
Aalsi Ayushi,2025-04-22 12:14:38+00:00,76,1,11949,zudio heels under 399  budgetfriendly footwear  zudio april collection 2025
SUSMITA SUS,2024-09-02 11:05:10+00:00,0,193,3361411,what make up products you should get from zudio with a simple yes or no
Gen-Z Way,2025-07-24 15:38:01+00:00,39000,108,882320,why zudio not online income reality
Akanksha's lifestyle,2025-08-12 17:20:04+00:00,10,0,1380,zudio sale loot lo shopping shoppingvlog shoppinghaul zudio zudiohaul vlogger vlog zara
Vlogsofsona,2025-08-06 14:17:34+00:00,16000,45,367007,zudio vlog
Sakshi Sahay,2025-05-13 09:49:10+00:00,2400,13,300536,zudio summer collection 2025  zudio latest collection 2025  zudio haul  zudio shopping  zudio
Wanderers Live,2025-04-16 07:53:37+00:00,27000,729,1544861,5000 rs at zudio vs 5000 rs at zara challenge  haul
Ritvik joshi,2023-07-23 06:01:58+00:00,178000,206,4382837,shoes or sleepers 199 onlyat zudioviralshort trandingshorts zudiohaul shorts
Origin Creator,2023-12-06 09:30:18+00:00,894,1,42034,why zudio is so cheap and westside so expensive
ShoppingshuruwithAashi,2025-08-12 06:00:02+00:00,56,0,2010,reliance smart bazaar offers 2025  smart bazaar grocery shopping buy 1 get 1 offers views viral
CNBC-TV18,2025-08-12 15:30:04+00:00,14,0,806,look ahead to tomorrows trade what are key event  markets forward  stock market news  cnbc tv18
BolBhidu,2025-08-12 08:30:28+00:00,1700,555,75073,election commission       rahul gandhi bjp
Aakash Chopra,2025-08-12 01:30:06+00:00,23000,1877,717791,did viratrohit retire from the wrong format
shimic my home,2025-08-08 10:59:20+00:00,112,18,13994,zudio sale 2025  zudio summer collection 2025  zudio new collection  zudio shopping  zudio sale
The Peppy Persona,2025-08-12 09:42:23+00:00,6,1,1252,zudio footwear sale shortsfeed shortsvideo zudio shortsviral shortsyoutube shopping shorts
Fragrantix,2025-08-12 15:01:15+00:00,507,236,7592,rating my top collection worst to best backup worthy in 2025 fragrantix affordableperfumes
BuzzFeed India,2025-07-10 13:01:34+00:00,831,13,39476,who said beauty has to come at a cost  zudio makeup
Shopping Secrets ,2025-08-08 04:30:27+00:00,21,0,3315,zudio sale is live zudio new arrivals zudio sale 2025 zudio august latest collection zudio sale
shimic my home,2025-08-13 14:12:03+00:00,11,2,685,zudio summer collection 2025  zudio new collection  zudio  zudio sale 2025 zudio trending
get ready with karthik,2023-08-25 12:20:35+00:00,102000,400,2480606,zudio offer sale scamnothing is worth for money in zudio watch before buying in zudio zudio
UGC_by Sakshi ,2025-07-01 09:50:19+00:00,458,20,91760,westside and zudio sale zudio zudioshoppingvlog zudioindia zudiohaulvideo
Enna panna porom 360,2025-08-01 05:00:39+00:00,870,6,72952,zudio laa meha offers shortvideos zudio zudioshoppingvlog
Rushali Tambe ,2025-07-31 15:54:22+00:00,1600,29,218859,zudio sale alert
Shivani Garg,2025-06-12 12:11:15+00:00,2100,10,174814,zudio summer collection june zudiohaulvideo zudiohaul zudiofashion zudio zudioindia fashion
Arti Tutorial,2025-08-09 06:52:32+00:00,0,0,5421,zudio sale  zudio sale 2025  arti negi zudio zudiosale zudiohaul zudiohaulvideo trending yt
Spandana Shree,2025-08-12 07:30:31+00:00,27,3,2073,westside  max  zudio  sale shopping    spandana shree
shimic my home,2025-08-01 15:24:30+00:00,915,23,95002,zudio sale 2025  zudio  zudio sale  summer collection zudiosale zudio zudiosale2025 trending
Shivani ka Safarnama,2025-08-03 11:20:20+00:00,0,14,41720,zudio august sale collection  zudiosale2025 exploreshorts shortsvideo
Shopping Secrets ,2025-08-11 04:30:38+00:00,26,2,4536,zudio latest summer collection 2025  zudio haul  zudio sale 2025 zudio new arrivals  zudio sale
shimic my home,2025-07-31 10:33:10+00:00,711,253,99713,zudio sale 2025  zudio sale  zudio sale 2025 1 august  zudio shopping  summer collection  zudio
Munmun Lifestyle Corner,2025-08-03 05:30:06+00:00,65,17,5287,zudio sale 2025 zudio sale  zudio shopping  summer collection zudio
Life Trend's Hub,2025-08-12 08:10:00+00:00,37,0,435,zudio women collection 2025  zudio dubai 1st anniversary sale  womens wear discounts  offers
KALUA ,2025-08-11 06:32:40+00:00,80,31,4792,zudio sale 2025  zudio sale  zudio sale 2025 1 august  zudio shopping  summer collection  zudio
Just Rahul Vlogs,2025-08-12 04:41:20+00:00,208,4,9858,2rs        decoration items for ganeshotsav 2025
Desiii_Core,2025-08-12 05:50:01+00:00,203,1,23102,zudio sale subscribe fashiontrends zudio shorts ytshorts
Sindhu acharya,2025-08-12 04:24:15+00:00,8,0,1086,zudio sale 99499rs  zudio sale zudioshoppingvlog shopping travel shorts short video yt
ABC Malayalam News,2025-08-12 07:05:00+00:00,3700,547,106879,abc talk  coup dtat removal
Rubysdiary,2025-08-03 07:58:15+00:00,1400,7,138105,yeppa yevalo kuutamm  everything under 499 outing zudio offer
That Pinkish Girl,2025-08-05 15:20:01+00:00,142,13,20778,zudio summer collection 2025  zudio latest collection 2025  zudio haul  zudio shopping  zudio
Sweet mona,2025-04-09 05:21:55+00:00,644,2,80365,zudio new summer collection 2025  zudio sale 2025 zudiozudiohaulvideozudiojhansisweetmona
The G.O.A.T,2023-08-27 12:35:49+00:00,7300,10,577640,7 things to buy in zudio  fashiontamil fashiontrends menfashion
Eternal Essence,2025-05-26 15:48:50+00:00,461000,554,38193440,galat shopping ker loshopping zudio zudioshoppingvlog
Allen Choudhary,2023-07-14 09:12:56+00:00,206000,170,3280384,zudio vs hm dailyshorts mensfashion budget zudio hnm shopping outfit cost styletips tip
The Vlogger Pooja,2025-08-12 05:32:36+00:00,41,0,2636,zudio sale 2025  zudio summer dress collection  zudio latest collection zudio trending shorts
HER Wardrobe,2025-07-20 11:57:38+00:00,18000,158,2114196,who hurt zudio  zudio zudioshoppingvlog zudiohaulvideo zudioindia zudioindia zudiofinds haul
Priyal Kukreja Life,2025-06-13 11:00:51+00:00,5200,24,222079,cheapest zudio shopping haul  priyalkukreja shorts ytshorts
Heyyy cutiesssss ,2025-08-13 14:28:17+00:00,3,0,246,zudio finds under 149  affordable good quality products under budget
Tanuja Choudhary,2024-04-06 07:48:33+00:00,387000,883,10430602,trying the cheapest makeup from zudio   i am in shock  zudio zudiohaul makeup makeuphaul
Asad Styling,2023-07-21 10:01:21+00:00,118000,541,1694834,zudio shopping shoes are good
Pranjal Kamra,2023-07-09 06:58:35+00:00,371000,1933,6024378,how zudio prices are so low
Mouni ,2025-08-02 03:30:14+00:00,156,3,35610,zudio sale is live now from august 1st sale zudio shopping trending trendingshorts
Trending fashion ,2025-05-25 09:00:19+00:00,574,2,95012,zudio new makeup collection makeup shopping zudio sale
CA Rahul Malodia: Business Coach,2024-10-26 14:00:10+00:00,48000,147,650353,tata zudio    trent  success shorts viralshorts fashion
you me we,2024-07-28 10:02:38+00:00,13000,50,1291098,zudio sale shortsfeed shopping sale zudio zudioshoppingvlog fashion youmewe fashionclothing
The designer mom,2025-06-06 06:18:51+00:00,89,0,27407,best zudio slippers collectionmustbuy offer zudio shopping bestdeals new design yt 10k 1m
The Modern Game,2025-08-10 13:00:42+00:00,0,3,34517,zudio ka 99 no secret business model
Tjyoutuber ,2025-08-01 13:51:23+00:00,314,4,20984,zudio offer  madurai zudio offer trending explore melur viral viralvideos shortsfeed
Allen Choudhary,2023-10-16 08:51:03+00:00,114000,243,1507720,zudio ka sbse best winter collectiondailyshorts mensfashion zudio winter outfit collection
Priyanka Bysack,2025-06-13 21:56:34+00:00,2500,14,62901,i regret buying from zudio zudio haul affordable makeup foryou ytshorts shorts grwm fyp
Puneet Bairwa ,2025-08-04 13:20:39+00:00,45,0,3881,zudio loot liya aaj   minivlog shorts shortvideo shopping
Jigilz Aswani,2025-08-13 14:05:56+00:00,0,0,576,zudio onam vibes  jigilzaswani shopping zudio fashion
Ashima The explorer,2025-06-02 13:31:03+00:00,7600,24,253161,whats wrong with zudio  zudio zudiohaul
Mitali Chopra,2025-01-23 13:12:53+00:00,1400,35,146859,do not go to zudio  zudio zudiocollection zudiosale
D BeautyBlush,2024-09-08 08:35:53+00:00,162000,213,3842178,testing out zudio budget friendly makeup  is it worth the hype   shorts haul  zudiomakeup
Bhuvika ,2025-06-17 16:38:44+00:00,13000,11,809191,zudio haul explore explorepage zudio shopping haul zudiohaul minivlog
Payals Palette,2024-10-14 08:35:18+00:00,72000,267,3407208,new launch zudio festive collection  kurtas  korean pinterest jewellery and footwear zudio
Allen Choudhary,2023-07-05 08:37:31+00:00,271000,289,4926673,shopping from zudio dailyshorts zudio oldmoneystyle outfit styletips shopping mensfashion
Secret Starry Night,2025-06-10 12:13:19+00:00,4400,65,231427,zudio haul zudio zudiohaulvideo shopping ootd dresshaul zudioindia calicut minivlog
Vanya dixit vlogs,2024-04-05 10:03:53+00:00,17000,70,919823,zudio new makeup 199zudio zudiohaul makeup zudioshopping
shimic my home,2025-08-08 15:01:10+00:00,168,10,13316,zudio sale 2025  zudio sale  zudio new collection zudiosale zudio zudiosale2025 trending
Khushi komal,2025-07-22 05:30:17+00:00,2800,21,78972,what i got from zudio self birthday gift  ytshorts zudio zudiohaul shopping tshirt
Shivam malik vlogs,2023-06-02 12:37:14+00:00,313000,1897,7230915,tata zudio itna sasta  shivammalik shorts
NRFM-VOICE,2023-08-19 12:30:24+00:00,518000,774,9037261,zudio shopping shorts shortsfeed shortsvideo youtubeshorts shopping viral trending dress
Jobless Visu,2023-05-01 13:45:00+00:00,294000,1096,5816425,is zudio cheap or expensive  19  shorts minivlog vlog tranding
Annu_asthetic creator ,2025-08-01 11:45:32+00:00,44,1,5708,zudio sale august 2025 everything i got under rs 499
Vanshika Singh,2025-08-10 14:04:30+00:00,0,4,4907,zudio finds new collection  sale lg gai hai zudio zudiohaul trending viralvideoshort
shimic my home,2025-06-21 06:30:02+00:00,211,36,31914,zudio summer collection 2025  zudio latest collection 2025  zudio haul  zudio shopping  zudio
Think School,2025-01-13 13:42:04+00:00,1900,14,55434,truth about zudio revealed
Allen Choudhary,2023-11-14 08:40:38+00:00,294000,2230,7464907,zudio vs amazondailyshorts mensfashion jacket zudio outfitideas outfit fashion price tip
Uthara Unni,2025-05-20 05:19:27+00:00,40000,158,1410141,how many products can i buy from zudio with 500
Muskan Rawat,2023-05-27 04:58:06+00:00,48000,38,1959552,under 100 zudio zudioshopping under100 affordable  youtubeshorts
Aalsi Ayushi,2025-07-12 14:40:30+00:00,296,4,35145,zudio july collection 2025zudio latest collection starting 199 zudio monsoon collection
Arti Tutorial,2025-08-05 05:09:19+00:00,0,0,11625,zudio sale 2025 zudio sale zudio zudio summer collection zudio zudiosale trending yt shorts
CANDY,2025-08-12 07:41:46+00:00,89,5,2800,zudio aug collection  sale zudio myzudio zudiosale zudiohaul haul
Suhana Singh,2024-08-28 08:21:54+00:00,0,4,110975,zudio haulzudio one pices haul new arrivalszudioindia zudioonlineshopping suhanasingh youtube
you me we,2025-07-04 07:43:47+00:00,1100,4,157428,zudio sale truth fashion shopping zudio zudioshoppingvlog shorts shortsfeed sale youmewe
HER Wardrobe,2025-05-22 17:58:31+00:00,4700,7,636424,zudio summer collection summer zudio zudioshoppingvlog summerfashion shopping shoppingvlog
TheBaredBeauty,2025-08-10 02:30:38+00:00,183,3,9279,500 challenge at zudio  how many beauty products can i buy subscribe to watch part2 zudio
Aishwarya Gupta,2025-05-03 15:19:14+00:00,35000,105,2718911,zudio cloud kiss lip colour  zudio makeup zudio hudabeauty blushfilter zudiobeauty
Vlogsofsona,2024-10-30 13:30:09+00:00,72000,156,1507987,zudio shopping vlog  total disappointment   vlogsofsona  shopping diwali
Facebuilds,2025-02-14 12:33:17+00:00,0,170,5224198,how zudio expanded so fast zudio business shorts
Allen Choudhary,2022-12-09 05:18:14+00:00,103000,753,4281236,zudio vs zara zara zudio zarahaul jacket pufferjacket dailyshorts outfitideas clothing
MR Vlogs by Mansha,2023-09-03 08:38:14+00:00,7700,22,709751,zudio latest mens collection starting from rs99 part3 youtube shorts trending
Malayali Malavika ,2025-08-04 01:50:59+00:00,0,6,88770,zudio sale started shortsfeed shopping
Aapki Pratiksha,2025-07-06 13:22:33+00:00,208,1,19729,zudio big disappointment    shopping zudio shorts shoppingvlog zudioshoppingvlog makeup
CANDY,2025-06-24 07:37:06+00:00,234,5,18534,zudio collection june 25 zudio zudiohaulvideo zudioindia haul zudiowomencollection
It'sGracyy,2025-06-14 17:17:04+00:00,417,0,38086,zudio collectionmini vlog shorts youtube trending viral minivlog zudio
Wandering Soul,2025-08-03 17:25:15+00:00,4400,78,1599961,zudio salezudio zudioshopping zudiofinds zudiosale shopping noida delhi ncr westside
Rachna Pathak ,2025-07-31 16:17:30+00:00,228,10,37559,zudio biggest sale is live  shorts ytshortsvideo shortsfeed zudiosale2025 zudiosale trending
Walk with shwa,2025-08-02 01:42:30+00:00,179,6,21253,zudio kazhakuttom august offer review zudio zudioshoppingvlog zudiooffer
Kovai Pangali,2025-08-02 04:32:37+00:00,114,2,8819,zudio august month sale coimbatore zudioshoppingvlog zudio coimbatoreshopping
Dipa Nnita Roy,2025-07-10 15:46:57+00:00,868,3,75629,zudio new collection 2025 zudio zudioshoppingvlog zudiohaulvideo viral
Kriti Chaudhary ,2025-08-08 07:55:04+00:00,57,1,13179,zudio rose highlighter zudiofinds zudioshoppingvlog highlighter shine youtubeshorts
Deals Trivandrum ,2025-08-01 12:53:41+00:00,179,0,12516,zudio offers 499 or less sales i live now
Yashaswi Shukla ,2025-08-07 05:41:02+00:00,0,5,6221,zudio august sale collection zudiosale2025 zudio shorts sale zudioindia zudioshoppingvlog
Khushi singh,2025-04-20 04:59:52+00:00,399,48,32910,zudio denim  zudio denim zudioindia zudiohaulvideo zudiocollection zudiohaul haul jeans
Asvi Vlogs,2025-07-27 16:54:05+00:00,27000,61,639548,imakutty  me at zudio  asvivlogs zudio zudioshopping shortvideo
Prakash TV,2025-07-25 12:48:29+00:00,1700,61,129917,zudio biggest sale coming shorts
Payal Ghose ,2024-12-17 11:54:47+00:00,4000,63,378202,zudio bags new collection zudioshoppingvlog zudiowomencollection zudiobag zudiohaulvideo zudio
Samir Talks,2025-08-08 04:30:06+00:00,1300,5,31040,zudios 8000 cr reality check shorts business
,,0,0,0,
That Girl!!,2025-08-03 15:31:01+00:00,19,1,2500,zudio accessories under rs 149 ll grab yours now from your nearest zudio store  zudio explore
Foodie Bharathi,2024-02-19 10:31:00+00:00,47000,57,2361206,zudio la enaku aapu vachutaanga shorts zudio shopping dmart tamilvlog product vlog
Chasni Vlogs,2025-07-31 12:16:58+00:00,155,14,14447,zudio sale 2025 is live  shorts patna zudio
FV Guru,2025-07-30 08:27:59+00:00,292,2,43265,biggest sale in zudio all product under rs99 sale zudio zudiosale
Bombay Foodie Tales,2025-08-04 11:30:03+00:00,3900,12,900792,zudio sale  shortsviral
Explore with Sona,2025-08-06 08:30:23+00:00,6,1,965,zudio sale  youtubeshorts shorts minivlog trending zudioshoppingvlog
Sanju Lifestyle ,2025-07-25 12:30:47+00:00,734,80,92829,affordable zudio sale is coming  ashortaday zudiofashion zudioindia
Dhiya Jai,2025-08-02 07:15:21+00:00,173,0,22216,zudio sale under 499zudiosale2025 zudio zudioshoppingvlog alappuzha shorts
Trails of Nabomita,2025-08-02 15:39:04+00:00,356,4,20082,zudio sale shopping haul zudio  zudioshoppingvlog  zudiosale2025  sale  shortsfeed foryou
Harsh kem vlogs,2024-07-06 11:27:28+00:00,6000,26,213421,zudio new collection  zudio zudiohaul zudiofinds zudioshopping zudioindia
Glow with esaa,2025-08-08 14:17:22+00:00,0,6,41402,zudio offer sale    zudio zudioshoppingvlog malayalam
Priyanka Bysack,2025-04-28 08:02:00+00:00,9600,29,333223,zudio trending shopping ytshorts grwm fashion makeup shorts grwm haul vlog foryou yt
get ready with karthik,2023-04-03 08:39:21+00:00,29000,93,390194,zudio purchase polaama   sleeveless hoodie purchase   fashion zudio outfit trending
Yashasvi Rajpoot,2023-07-17 11:41:08+00:00,143000,140,2751729,cheapest zudio haulstarting from rs29 zudio touryashasvi rajpoot
Jithu Channel,2023-10-11 05:41:33+00:00,3600,19,380878,zudio shoppingbitter truthjithuchannelzudioshopping dresshaulsaleoffers collectiondiwali
Xplore Vth Venkat,2024-03-02 13:13:03+00:00,32000,143,478079,zudio  1000 outfit  roadto200ksubscribers  shorts fashion zudio trending
Abhishek Yadav 21,2024-11-09 12:57:00+00:00,58000,107,3669271,find cheapest or expensive product in zudio  shorts viralshort
Sakshi Anand,2025-07-04 05:45:07+00:00,1100,3,255855,fake zudio sale alert zudio fashion sale shopping ad shorts shortscreator
Smart Cooking With Uzma,2025-08-13 03:38:50+00:00,5,1,896,zudio sale latest collection zudiosummercollection zudiosale2025 zudio zudiosale shorts
Unnati Jain,2024-08-07 07:14:39+00:00,0,447,2185092,zudio sale reality  zudio zudioshoppingvlog zudioindia shopping reality
Vashu Aulakh (Kriti),2025-01-26 16:15:12+00:00,118000,270,5288101,how many products can i buy from zudio for 500 affordable shopping haul  zudio  shortvideos
Gems of chennai ,2025-08-02 16:55:55+00:00,4400,21,471456,zudio mega sale   zudio zudioshoppingvlog zudiomegasale
ekadantham,2025-08-12 11:11:37+00:00,23,4,391,50 shopping sale started in zudio shots reals vlog zudio automobile popular shopping offer
Harshita and Mayank,2025-08-12 07:54:49+00:00,178,38,3824,exploring heidelberggermanya mustvisit city for international students  budgetfriendly travel
Funbug rishu,2023-08-13 15:35:00+00:00,204000,408,4786177,zudio fresh stock sale is cheapest ever ashortaday minivlog tranding
Beauty by Ranjana,2025-04-26 14:37:53+00:00,23000,91,1605491,random zudio summer collection haul shorts zudio
Ananya Kunddu,2024-12-12 13:04:59+00:00,565,1,102446,zudio try on haul  denim haul under 999 creator trending zudio outfitideas
The Priya Review,2025-07-21 12:25:40+00:00,3100,13,259793,zudio finds under 100  zudio zudioshopping affordable ytshorts zudiohaul under100 viral
SneakyPooh,2025-08-08 03:18:40+00:00,0,12,20951,zudio collections august1 31 song feedshorts bangaloreday zudioshoppingvlog minivlog
Durba Dey,2025-08-10 09:19:26+00:00,1200,8,31611,zudior budget e westside e shopping
Blush Lover Puja,2025-08-02 03:58:06+00:00,46,3,8818,zudio sale shopping 2025 zudio zudiosale2025 zudiofinds shopping dress shorts
Funmoji 2D,2025-08-07 01:30:09+00:00,31000,60,902380,zudio saruku funmoji2d funny relatable comedy shopping shirt comedyshorts  funnycomedy
Saadia Hossain,2024-11-19 15:06:06+00:00,598,6,43762,zudio mini haul  zudio makeup  zudio jewellery  exploring kolkatas biggest zudio
Megha Unni,2025-08-08 07:19:42+00:00,0,0,19779,zudio sale 2025  zudio trendingshorts summersale
SUSMITA SUS,2024-11-03 11:15:03+00:00,0,31,254418,zudio jewellery worth buying
Rema Jain.,2025-08-09 12:01:47+00:00,203,2,20175,zudio sale share with your friends shorts zudio zudiofinds shortsfeed zudiofinds
shimic my home,2025-06-30 11:53:03+00:00,792,48,184456,zudio sale 2025  zudio summer collection 2025  zudio latest collection zudio shorts trending
The Priya Review,2025-07-26 12:44:24+00:00,1300,32,182006,zudio sale 2025 in august zudio zudiohaul zudiosale2025 ytshorts viral zudioshopping sale
Find Your Style with ME,2023-10-03 13:32:26+00:00,20000,48,909607,under rs 999 unique zudio chunky shoes
Naushad Vlogger,2025-08-09 04:00:31+00:00,45,4,4033,zudio summer collection 2025  zudio latest collection 2025  zudio haul  zudio shopping  zudio
The Fashion Verge,2024-12-23 14:11:25+00:00,43000,67,698682,style union vs zudio edi better
CANDY,2025-08-01 10:26:56+00:00,793,6,38848,zudio sale is live zudio zudiohaul zudiofinds zudiosale zudiofashion zudioindia
Harshu Vlogz,2025-07-24 06:14:52+00:00,0,84,1132447,zudio sale alert
Explore by Rajat ,2025-08-01 15:15:16+00:00,65,10,6916,zudio sale is live now  zudio zudiosale sale
Find Your Style with ME,2023-01-13 14:01:10+00:00,9200,20,290307,cheapest zudio shirt jackets from 799 zudio zudiohaul
Shalini Gupta,2025-06-02 10:30:30+00:00,270,4,32258,zudio summer finds zudio zudiohaul zudiofinds haul outfits tops viral fyp shorts
Rajpurohit Sharda Vlogs,2024-01-15 14:14:41+00:00,346,11,27394,new zudio store zudio zudioinjodhpur shopping clothes footwear sale
Sukriti Ghosh,2025-08-03 12:07:36+00:00,23,3,3963,zudio sale haul under 300 shorts meesho zudio meeshotops fyp trending viral
GLOW WITH GAYATHRI ,2025-07-24 14:29:09+00:00,0,18,16614,onu zudio poyatha vendayirnu
Akriti Kanoria,2024-11-13 22:19:31+00:00,896,15,80213,boot from zudio fashion aesthetic pinterest boots zudio winterfashion ytshots blackboots
Priyanjali Datta ,2025-07-14 09:52:24+00:00,39,0,3413,zudio beauty finds under 99  ytshorts zudioshoppingvlog zudioindia zudiohaulvideo zudio
Rithvick Jr11,2023-05-30 12:10:10+00:00,0,137,281436,new shoes collections in zudio tamil fashion blogger mensfashion fashion zudio chennai rjr11
Aditya Rawat Vlogs,2024-03-13 13:07:51+00:00,110000,290,2032694,zudio summer shopping minivlog  shorts minivlog vlog
JTS VLOGS,2025-08-01 11:46:44+00:00,17000,42,374804,rs1000 in zudio challenge
glam with khushbu,2023-08-11 06:48:58+00:00,0,5,174067,zudio finds  zudio sale zudio fashion budgetfashion sale
Amansi ,2025-08-06 11:34:53+00:00,101,9,3696,zudio salehaul part2  zudio youtubeshorts zudioshoppingvlog zudiosale haul ytshorts
Muskan Tiwary,2025-05-02 14:04:58+00:00,604,5,96730,zudio makeup collection trending makeup zudio viralshort
Satz With Asi Vlogs,2025-08-13 09:51:42+00:00,1,0,981,minivlog36  zudio shopping polama trending minivlog zudio shopping yt viral vlog love
Zinda hu only for food,2025-07-01 09:32:21+00:00,450,9,76218,zudio sale postponed  ab 1st august se hai mat bhaago store pehle ye dekh lo
GenZ Tanya,2025-08-02 11:28:55+00:00,354,6,96276,people are loosing their mind for shopping during the saleviral sale zudio shopping day18
Ananya Chatterjee,2025-08-02 07:23:54+00:00,237,5,16322,zudio sale   shopping   youtubeshorts trending shorts bengalivlog zudio viral
Eat V2 Food,2025-04-27 06:37:22+00:00,2600,7,144403,madurai zudio collection  eat v2 food shorts zudio
Babu Ka Yuvraj,2025-08-13 06:43:48+00:00,5,1,1150,zudio under 399 rs babycomedy cutebaby love funny zudio zudioshoppingvlog
Behind Visions,2025-08-07 06:31:32+00:00,114,1,13637,99 149 only zudio sale offers zudio youtube youtubeshorts trending viralvideo
Arigato Arjun ,2025-08-02 10:31:43+00:00,1300,6,206962,zudio august offer sale zudio augustsale 149 499
Aliviya’s Vlog,2025-02-19 10:57:41+00:00,795,3,90767,zudio latest collection in kolkata 2025 zudio latestcollection kolkata parkstreetkolkata
Sharmili Chakraborty,2025-06-17 12:44:19+00:00,1800,8,56012,zudio new launches  hit or miss  zudio zudiomakeup newlaunch
ST Krishna Jaiswal Vlogs,2025-08-12 07:36:51+00:00,14,0,3245,zudio sale go and check it out shopping zudio funny ytshort youtubeshorts sale zudiohaulvideo
Beyond Limits,2025-03-21 06:21:12+00:00,0,1,31559,everything under 299  zudio sale zudio haul zudioshoppingvlog fashion
Janhvi's  Camera,2025-08-06 11:28:55+00:00,8,4,163,zudio sale haul 2025  insane deals under 500 zudio zudiohaul haul sale youtubeshorts
Sneha Bhardwaj,2022-11-12 07:39:11+00:00,15000,50,1300409,zudio  299 only zudio footwear fashion latestcollection latesthaul
Rashmi Bhatt official,2025-08-11 08:34:09+00:00,16,1,1162,zudio latest august collectionhuge sale at zudio starting29 festival collection
kiya sauren,2025-08-07 13:31:27+00:00,325,0,19556,she styled me from the zudio sale under 500 zudio shorts youtubeshorts zudioindia grwm
Ash Gloss,2025-08-06 14:22:45+00:00,11,0,1431,zudio 1st august sale sale zudio zudiosale
Megha Unni,2025-08-05 08:50:00+00:00,0,0,11620,zudio sale  july 31  aug 31  zudio zudiosale2025 trending shorts
vani ,2025-08-09 17:02:39+00:00,10,0,1623,zudio latest collectiondress zudio collection newyoutubeshorts fyp
Ordinary Person,2025-08-01 16:41:41+00:00,109,0,10925,zudio sale is live now  zudio zudioshoppingvlog trending shorts trichyyoutuber
LakshayThakurrr,2025-05-22 07:30:34+00:00,8100,21,273191,zudio summer collection 2025 worth or overhyped zudio mensfashion
Ritika ritz,2025-08-04 15:47:24+00:00,64,3,6533,whats wrong with zudiozudio zudiohaul shorts viral ytshorts
That Pinkish Girl,2025-08-01 16:22:00+00:00,44,7,6090,zudio sale 2025  31 july to 31st  zudio summer collection 2025 starting 19 zudio shopping
Narayanan's Roadmap to your Professional Milestone,2025-08-03 11:15:31+00:00,5,0,1372,zudio  citi centre  weekend rush sunday zudio shopping
Amansi ,2025-08-05 11:31:39+00:00,37,5,1656,zudio sale haul part1 tshirt just for 149rs zudiosale zudio haul youtubeshorts zudiohaul
Farhan Vlogger,2025-08-12 02:30:14+00:00,113,16,10124,zudio sale 2025  zudio summer collection 2025  zudio new collection  zudio shopping  zudio sale
POWERFUL MEDIA,2025-07-05 11:43:24+00:00,1500,13,109283,zudio shopping vlog  zudioshoppingvlog zudiohaulvideo tamilshorts minivlog zudioindia vlog
Sweet mona,2025-08-08 04:53:12+00:00,7,0,853,zudio sale prices dropped or less 399  new arrival rakhi special  zudio sale
Saurabh Devrani,2024-06-21 08:05:41+00:00,707,7,70640,zudio shoe collection under 1k menfashion zudio zudiohaulvideo trending viral styling shoes
Smart Cooking With Uzma,2025-08-02 11:33:27+00:00,17,3,2637,zudio bags collection  zudio sale 2025 shorts ytshorts zudio zudiobagcollection zudiosale2025
Akanksha The Xplorer,2025-07-26 05:30:31+00:00,69,0,9014,zudio sale update zudiofashion sale akankshathexplorer
Vashu Aulakh (Kriti),2025-03-26 16:00:09+00:00,6500,54,220726,newly launched mini lipsticks by zudio detailed review zudio beautyessentials ytshorts
Down To Won,2025-08-08 11:15:05+00:00,71,3,3294,how zudio cracked indias fashion market shorts
Aakriti Jain,2025-06-01 07:05:00+00:00,0,7,21309,zudio summer collection 2025 tryon haul   affordable  trendy dresses under 1000 zudio dress
Sakshi Sharma,2025-05-17 13:27:09+00:00,17000,32,1165300,starting  49rs zudio haul shortsbeta ytshorts youtubeshorts youtube shorts
The Founder's Dream,2024-11-06 16:29:55+00:00,0,1297,9042733,zudio is not luxury  the unclaimed tata brand
shimic my home,2025-07-31 12:23:04+00:00,385,24,42261,zudio sale 2025  zudio  zudio sale  zudio summer collection zudiosale zudio zudiosale2025
Aishwarya Gupta,2025-01-24 14:36:16+00:00,3200,22,399116,zudio makeup  zudio lipstick zudio zudiomakeup
Let's travel with Vaishnavi,2025-08-13 09:49:09+00:00,1,0,599,zudio collection travel zudio zudioshoppingvlog zudioindia zudioshoes ig
Suraj & Yashi Shorts,2024-06-22 13:30:03+00:00,284000,365,8642854,zudio me kiya free me makeup youtubeshorts minivlog
Crazy uday,2025-08-04 12:30:57+00:00,0,18,2494,zudio sale 2025 in august shorts teluguvlogs vlog zudio zudiosale2025 sale crazyuday
Allen Choudhary,2023-07-31 08:53:10+00:00,76000,136,1317877,4 amazing college outfits from zudiodailyshorts mensfashion zudio collegeoutfits styletips
Aalsi Ayushi,2025-07-13 12:30:17+00:00,260,2,29750,zudio july collection 2025  zudio latest collection july  zudio monsoon collection starting 499
The Quirkies,2025-08-12 13:08:50+00:00,4,4,88,zudio must haves zudiozudiocollectionjewellerymusthaveshaulcollegeoutfitsshoppingsaleviral
World of Swabhi ,2025-03-20 14:34:24+00:00,5800,22,787112,zudio summer collection 2025  affordable fashion haul
Glow up with Daraksha ,2025-08-03 04:30:22+00:00,16,1,1487,zudio summer collection sale 2025zudio zudiohaulvideo ashortaday shortsfeed shorts viralshort
The Peppy Persona,2025-08-05 17:31:33+00:00,7,0,1113,zudio nightsuit shorts shortsfeed fashion zudio zudioshoppingvlog sale shortsvideo zudiotour
Shivangi Chauhan,2023-11-24 04:25:00+00:00,52000,277,1648078,zudio haul starting at 69
Unbox with Sweta,2025-08-12 16:30:29+00:00,0,0,1968,zudio affordable accessories trending zudiofinds foryou zudio
Angel Roshna ,2023-08-24 11:36:04+00:00,26000,28,427238,zudio haul  zudio angelroshna
Foodie Bharathi,2024-02-20 10:32:00+00:00,112000,289,7781116,lipstick poda vanthathu oru kuthama shorts zudio dmart zudiohaul lipstick shopping vlog
Monika Singh,2025-08-13 12:10:43+00:00,19,1,627,how zudio outsmarted zara  hm zudio zara tatagroup ratantata india offlinestore
mini tales ,2025-08-13 13:39:03+00:00,6,2,89,zudio shopping day youtubeshorts shopping minivlog shorts quickbites food ytshorts
Saiteja Vinnakota,2023-01-22 13:00:18+00:00,6400,39,144926,zudio vijayawada      saiteja vinnakota
Cooking&beautywithshabs.,2025-08-12 16:32:46+00:00,0,0,1018,lets visit zudio for trending fashion in your budget zudiotrendingshortstrendingsong ytviral
Style Sanctuary,2025-08-05 10:25:39+00:00,1,0,414,zudio sale 2025 zudio zudiosale zudiosale2025 shortsfeed
Shwetha Jayaram,2025-05-21 15:54:38+00:00,656,30,32381,zudio summer collection zudio kochi malayalam ownvoicemalayalam
Inzar Vlogs,2025-07-31 17:01:15+00:00,693,10,45339,zudio sale 2025 1 august
Asvi Malayalam,2025-03-12 15:11:03+00:00,14000,34,335291,palakad zudio poli allee  shortsvideo zudio zudioshoppingvlog
Kunal Thakurz,2024-10-17 14:30:05+00:00,735000,1625,17576537,robbery in zudio
Nishtha Tiwari ,2025-07-26 17:14:40+00:00,0,0,19856,zudio mini vlog zudio zudioshoppingvlog zudiowomencollection zudiofinds
Preeti Bisht,2025-08-02 03:30:27+00:00,425,10,34533,31 july 31 aug 2025biggest zudio sale is hereeverything under rs499 zudiosale2025 zudiohaul
shimic my home,2025-06-07 07:37:59+00:00,1100,11,113480,zudio summer collection 2025  zudio latest collection 2025  zudio zudio shorts trending
Tan Man Dhan,2025-05-17 14:31:56+00:00,3800,17,124567,reality of 7000 cr zudio bigger than zara  westside  shorts
Asvi Malayalam,2025-05-11 05:30:28+00:00,10000,20,417193,zudio summer collections kandallo  shortsvideo zudio zudioshoppingvlog
livewithloya,2025-06-24 10:35:25+00:00,766,0,115836,zudio sale 2025 is in august zudio zudiosale zudiosale2025 trending sale shorts ytshorts yt
Girlyyglam,2025-08-13 14:09:55+00:00,1,0,322,you cant misszudio zudioshopping zudiofashion zudiocollection zudiosale2025 zudiohaul
Find Your Style with ME,2025-07-12 13:52:37+00:00,170,1,9458,10 cheapest zudio shirts under rs 599 zudioshirts
Niyati Diaries ,2025-08-01 05:48:01+00:00,262,0,39965,zudio sale is live  31 jul  31 aug  zudio zudiosale2025 zudiohaul sale shorts ytshorts
Panshi ,2024-05-01 18:05:04+00:00,222,5,14856,zudio ka sach  worst or best  bhopal zudio zudio zudioindia bhopal review shorts viral
Life of NG,2025-08-06 14:05:01+00:00,18,0,3553,zudio sale haul zudio zudioshoppingvlog zudioshoppingvlog zudiohaulvideo zudiosale2025 viral
Sanju Vlogs ,2025-08-03 16:20:40+00:00,28,0,2999,zudio sale          zudio zudioshoppingvlog minivlog shopping
Vaishnavi's Miracle,2025-08-07 05:27:29+00:00,13,1,1527,latest zudio dress collection under 499 zudio ashortaday zudioindia ootd dresses shorts
Magizhnidhi ,2025-08-09 11:46:32+00:00,2,0,1186,zudiozudio nail polish collectionshorts
CA Piyush Bafna,2025-07-27 12:52:20+00:00,976,22,30020,zudio fought dmart and destroyed profit  shorts trending capiyushbafna
Sassy Visions,2025-08-07 18:51:23+00:00,7,0,973,zudio sale items 299 shots zudiocollection zudioshoppingvlog zudiohaulvideo zudioindia viral
SUSMITASRI MUKHERJEE,2025-07-31 14:16:52+00:00,33,1,5966,zudio big sale 31st july  crazy deals  discounts 2025  fashion haul
Alfala vinoj khan,2023-09-21 10:52:45+00:00,19000,101,493458,zudio haul zudio trending shorts haul viral alfala
Vibewithvidhi,2025-08-09 07:54:09+00:00,41,4,4851,zudio haul part1 zudiohaulvideo zudio outfits vidhikashyap viralshorts apdhillonnewsongs
Arti Tutorial,2025-07-31 10:49:37+00:00,0,1,6930,zudio makeup collection zudio sale 2025 zudio zudiohaul zudiosale zudiosale2025 trending yt
Trisha Roy,2025-08-06 05:20:59+00:00,20,2,1664,zudio sale is live now   trisharooyofficial trisharooy trisha roy
Monika Singh ,2025-07-03 13:30:36+00:00,701,2,91168,zudio shopping  zudio shopping haul tops affordable
Geetu's Vlogs,2024-07-12 09:12:05+00:00,6800,12,132435,zudio best summer collection zudio viralvideo trendingshorts
Beautiful life look ,2025-07-30 07:36:32+00:00,46,2,2643,new stylish zudio footwear collection summerwear fashion zudio
Nitin Joshi,2024-02-13 12:30:29+00:00,79000,225,2565609,zudios business model  nitin joshi tata zudio businessstrategies pricingstrategy
AsfaVlogs ,2025-08-04 13:00:41+00:00,1200,4,80473,evlo kutam ah shortvideo zudio zudioshoppingvlog trend trending shorts
akansha says hello,2025-08-02 13:43:44+00:00,55,0,5045,zudio sale 2025 zudio cloths for sale zudio hyderabad zudio secunderabad zudio offers zudio
Harsh Patel 2.O,2023-12-02 02:36:54+00:00,1500,2,171004,zudio nailed it  zara dups shirts  cargowinter collection wintercollection trending zudio
Ankitha Neeradi,2025-08-01 14:22:23+00:00,29,0,1766,zudio sale beauty products 2025 shortsfeed shorts viral sale zudio trending explore foryou
Hridhya,2025-08-07 15:40:02+00:00,25,2,3067,zudio sale      shopping zudio kerala
Eshita Mondal,2025-07-28 10:36:29+00:00,49,10,1676,zudio budget friendly hauls viralvideo zudio zudiohaul viralshorts shopping budgetfriendlyyt
Jigyasa Teckchandani,2025-07-01 14:25:31+00:00,26,1,6186,zudio sale 2025 reality exposed 1st july 2025 zudio comedy funny trending viralshort life fun
Atrangi Sunshine,2025-08-03 07:57:01+00:00,4,0,730,zudio monsoon sale 2025  shortvideo shortsfeed shorts short shortsvideo zudio sale
Akki Singh Vlog,2025-08-07 07:04:30+00:00,0,3,1948,zudio vs kwabeykwabey zudio zudiosale2025  viral trending shorts
The Negii Siblings,2025-06-30 16:40:34+00:00,53,5,6582,zudio sale starts from 1st julyytshorts zudio zudiosale2024 zudiofashion style zudioindia
By Chinthu,2025-08-02 12:42:53+00:00,24,0,3261,sale zudio sale shopping trending reels viral youtubeshorts shorts food fypyoutube fyp
Bhavi Mewada,2024-06-16 09:26:20+00:00,5600,19,522009,zudio footwear haul under 299 youtubeshorts foryou explore zudio haul bhavicrew shortsfeed
PeachVibesss,2025-08-02 11:38:03+00:00,40,7,2115,dont miss the august sale   zudio trending fashion viral shopping sale cosmetics skincare
Lazy Vlogger Mousumi,2025-08-03 07:59:44+00:00,42,2,1754,zudio sale 1st august 2025 minivlog shopping zudio zudioshoppingvlog zudiosale shorts fashion
kiya sauren,2025-08-02 20:06:34+00:00,12,0,1660,zudio monsoon sale  zudio august sale zudio zudiosale2025 zudioindia shorts  youtubeshorts
Raj Dobal,2024-02-23 13:30:15+00:00,1300,25,69018,zudio did a scam  shorts ytshorts zudio
Ayesha Barla,2025-08-02 04:33:01+00:00,256,4,16547,augusts craziest sale is here   zudio offers you need to see  zudio august sale 2025 minivlog
Arti Tutorial,2025-08-12 04:30:38+00:00,0,0,4709,zudio sale 2025  zudio haul   arti negi zudio zudiosale zudiohaul trending shorts yt vlog
Allen Choudhary,2024-01-18 08:34:46+00:00,127000,225,1785992,how to use 1000 in zudiodailyshorts zudio mensfashion styletips fashion outfitideas tips
The Formal Edit,2023-06-24 13:34:27+00:00,90000,192,1356657,zudio quality realityzudio shorts
Fathoom Nizami,2025-08-08 06:42:34+00:00,8,1,1527,zudio sale alert everything on sale now at 399 or less  zudio offer malayalam zudiosale
Anshika Srivastava,2025-07-24 12:00:42+00:00,364,3,29313,zudio new perfume and accessories collection  shorts zudio shopping  zudioshoppingvlog makeup
Harman Bhullar,2025-01-29 12:48:09+00:00,1800,11,87721,zudio necklace collection zudiofinds zudiohaul zudiojewellery zudiohaulvideo zudiovlog
Kajol Singh,2025-01-03 12:39:57+00:00,4800,36,677527,zudio sale 2025shortsviralyoutubetrendingzudiosalezudiosale2025kajolsingh10042025videolko
RivaYoutube,2025-08-02 08:37:22+00:00,41,0,7472,zudio sale 2025  zudio makeup collection  zudio zudiohaul zudiohaulvideo zudiosale trending
Sonia Garg,2025-06-28 06:14:42+00:00,151000,243,5017680,trying mini makeup from zudio for first time
Sweet mona,2025-08-08 12:21:29+00:00,17,1,1728,zudio latest collection  zudiosalezudiozudiohaulzudiotopshortsytshorts
Shruti Singh,2025-07-02 11:03:27+00:00,158,5,24263,zudio summer sale 2025  1st july zudio sale news shorts youtube trending zudio zarawestside
Shreya Singh,2025-07-22 08:30:34+00:00,0,6,3103,zudio collection 2025  zudio latest collection  zudio haul  zudio zudiohaul short
G's folklore ,2025-08-03 08:00:42+00:00,0,6,12592,zudio sale 2025 august starts 49  lingerieshoesperfume makeup  clothing all under 300
BrainKrupt,2022-12-02 12:30:47+00:00,101000,204,2445337,affordable finds at zudio
Nikita Singh,2025-08-08 04:37:14+00:00,202,2,20121,cute tshirt in 150zudio zudioshoppingvlog zudiohaulvideo trending viral shopping affordable
Akshaya Aravind ,2025-08-06 11:56:05+00:00,0,0,1085,zudio findstrending comedy zudiosale2025 zudiohaul fashion wife couple marriage minivlog
Navida's Good life,2025-08-01 16:36:16+00:00,27,0,3249,zudio sale is live  zudio sale 2025 zudio trendingshorts viralshort shortsfeed
Seepana Mounika,2025-08-06 03:31:09+00:00,205,2,14290,offers sale starts just 49 minivlog shopping offers zudio youtubeshorts ytshorts shorts
Explorer Jessica,2025-08-12 07:31:31+00:00,4,0,322,zudio sale zudiostoretour shopping fashion zudioshopping sale biggest surprise zudiotour
Ana Mishra,2024-01-27 15:45:00+00:00,458,5,15946,things to buy from zudio under rs 200 shorts zudio zudiofinds ashortaday
Always Sowji vlogs,2025-08-01 12:29:08+00:00,17,0,1557,zudio biggest sale 2025 starts 1st  31st august new trending collection zudioshortshyderabad
Harman Bhullar,2025-05-13 07:56:55+00:00,679,3,93943,zudio summer collection zudiozudioshoppingvlogtrendingzudiofindszudiohaulvideo
Shalini Sinha,2023-09-22 08:45:37+00:00,0,23,569342,zudio299 thanks for 10kzudio kurtis youtubeshorts ytshorts trending transition shorts
Sakshhii_vlogg,2025-07-27 16:22:48+00:00,442,2,19472,zudio ne phir se confuse kar diya  zudio zudiohaul short minivlog
Vibing with Isha,2025-08-01 13:50:15+00:00,9,1,2009,zudio sale 2025 zudiosale zudio zudioshoppingvlog zudioindia zudiofinds zudiohaul viral
Aamir shroff,2024-11-09 04:55:00+00:00,721000,2412,22742135,respect motivation zudio sad vlogs shorts
Rinki's lifestyle,2025-08-02 10:37:06+00:00,14,2,713,zudio summer collection youtubeshorts explorepage shortvideo fypviral zudio fypviral
Prity Singh,2025-08-02 08:31:08+00:00,0,11,33047,lwp day25100 zudio saleyoutubeshorts zudio shortsfeed sale zudiosale2025 minivlog viral
Velli Krish Vlogs,2025-08-04 16:56:54+00:00,83,0,8190,zudio footwear sale 149 zudiosale zudio youtubeshorts shorts shopping
Deepika Ramesh,2025-08-08 05:24:51+00:00,83,0,10105,zudiooffer
Harsh kem vlogs,2025-08-01 07:10:00+00:00,155,17,14349,zudio sale haul 2025  zudio summer sale haul 2025  zudio shopping  zudio latest summer collection
Sha Vlogs,2025-08-11 20:34:19+00:00,3,0,126,zudio sale shorts ytshorts trending youtubeshorts viral viralvideo youtube short
Velli Krish Vlogs,2025-08-01 15:51:12+00:00,308,6,33885,zudio sale 2025 august  zudio sale 2025  zudio haul  zudio summer sale 2025 zudiosale
Explore with NK,2025-08-12 18:21:11+00:00,8,0,451,zudio biggest sale 2025 dont miss this opportunity sale zudio explore noida delhi realestate
Velli Krish Vlogs,2025-08-10 05:30:34+00:00,95,0,6760,zudio makeup sale  zudio makeup haul  zudio sale august zudiosale shorts ytshorts
lavanya diaries,2025-08-02 10:47:53+00:00,0,11,18768,zudio august sale 2025 collections starts from 49
That Pinkish Girl,2025-07-22 07:20:00+00:00,119,12,18911,zudio summer collection 2025  latest collection 2025  zudio new collection zudio zudio trending
Beauty Through The Lens ,2025-08-08 07:35:57+00:00,80,2,13988,zudio haul youtubeshorts haul zudio shoppinghaul shorts meeshohaul jewellery
aimensglow,2024-11-07 17:04:56+00:00,27000,97,1635442,zudio makeup haul shorts ytshorts zudio zudiohaul bhoolbhulaiyaa3 youtubeshorts makeup
Anchal Thakur ,2025-05-21 09:32:53+00:00,769,7,104642,zudio summer collection 2025  affordable fashion haul  zudio youtubeshorts onlineshopping
Saloni Beauty,2025-08-13 08:21:23+00:00,6,0,342,zudio fashion haul   affordable style big vibes shorts zudio zudioshoppingvlog
Shelis Story,2025-08-13 07:23:53+00:00,11,1,521,zudio sale  new arrival collection  zudio biggest sale 2025  zudio trendy shopping collection
Arti Tutorial,2025-06-22 07:05:23+00:00,0,7,102631,zudio summer collection kurti haul zudio zudiohaul zudiohaulvideo zudiocollection trending yt
Ayush Flit,2025-08-12 15:33:26+00:00,0,2,718,zudio vs pantaloons comparison  shorts youtubeshorts challenge
Allen Choudhary,2023-01-14 08:05:37+00:00,132000,849,3895263,zudio vs zara bomber jacket  mensfashion mensfashion dailyshorts zudio zara fashion sale
Indian Vlogger Suparna,2025-08-04 14:31:22+00:00,251,14,6317,zudio      salegariahat zudio pujo collectionzudio sale 2025
Baaku,2025-06-25 06:30:16+00:00,670,11,49070,zudios biggest sale is coming zudio sale cheapestgarments biggestsale shorts
Harshu Vlogz,2025-08-01 07:08:35+00:00,0,52,82596,zudio summer sale
Ashima The explorer,2024-10-26 08:09:49+00:00,9200,36,248040,jewellry from zudio  zudio zudiohaulvideo
That Pinkish Girl,2025-08-02 07:15:05+00:00,121,37,20685,zudio sale 2025  zudio sale  zudio sale 2025 1 august  zudio shopping  summer collectioni zudio
Lilabachanlifestyle...,2025-08-11 03:59:55+00:00,96,4,1166,zudio salezudio shorts youtubeshorts love
Aalsi Ayushi,2025-07-19 12:31:11+00:00,196,0,25101,zudio latest collection july 2025  zudio new arrivals starting 299 zudio monsoon collection
VlogNFood ‍,2025-08-03 15:30:09+00:00,19,3,2369,zudio sale 2025  zudio sale  zudio sale 2025 1 august zudio shoppingzudiozudiohaulzudiosale2025
Reviewture,2025-08-13 12:00:38+00:00,2,1,23,zudio and westside maha sale zudio westside sale youtubeshorts shorts
Unbox & Glow,2025-08-03 12:57:46+00:00,3,0,2097,kids collection zudio sale 2025 zudiozudio sale zudiosale zudio zudiosale2025 trending
Helen's Creative Ideas,2025-08-03 11:21:24+00:00,51,10,773,zudio sale august 2025 bicholim north goa helens creative ideas
Theni JeyMoni Vlogs,2025-08-13 15:05:03+00:00,9,3,851,zudio shopping shorts love zudio madurai capcut trending viralvideo shortvideo song fyp
HeyItsAanchal,2024-04-03 14:00:38+00:00,818,3,55988,zudio kajal for 69 heyitsaanchal zudio
Nilamexplore,2025-08-09 06:19:28+00:00,43,4,10940,zudio sale  zudio sale 2025 zudio 1st august 2025 zudiosale2025 zudio zudioshoppingvlog sale
Kajal Gupta,2025-08-08 14:13:37+00:00,15,0,1682,zudio august 2025 sale is live zudio sale zudioshoppingvlog shorts youtubeshorts
Khyati Saxena ❤️,2025-01-05 12:52:40+00:00,1200,0,160764,zudio  new year sale 2025  zudio sale newyear trending
Rc Star ,2025-06-28 12:56:53+00:00,25,0,2262,zudio new collection 2025 ytshorts zudio fashion maxfashion shorts viral video max shopping
Amruthasmenon ,2025-08-03 09:07:14+00:00,200,0,27635,zudio sale offer viralvideo youtubeshorts shorts reels fashion fashionblogger trending
Style with Neha Rathore ,2025-08-03 04:30:39+00:00,14,0,262,zudio sale 2025 in august zudio zudiohaul zudiosale2025 ytshorts viral zudioshopping sale
kavya Rise,2025-08-03 03:50:35+00:00,5,1,1710,zudio sale collection 2025 shorts zudio zudiotour trending zudiohaul kavyarise ytshorts
Somsi Yadav,2025-06-20 03:07:10+00:00,370,7,27015,latest zudio collection zudio beauty products review zudio zudiofinds skincare makeup
Aalsi Ayushi,2025-08-07 13:59:00+00:00,26,0,1854,zudio august sale  itna sasta  zudio sale collection  zudio raksha bandhan collection zudio
Juhi Chabriya,2025-05-24 17:09:02+00:00,104,1,10668,zudio set of 3 lipsticks zudiomakeup zudio
Nidhi Singh ,2025-08-05 12:30:04+00:00,103,5,7396,zudio sale alert   zudio shorts youtube explore youtube
Nittzz lifestyle ,2025-08-08 12:30:08+00:00,0,0,481,zudio sale on board  shorts zudio zudiofinds sale offerprice shopping brands
Empty Life YT,2025-08-02 14:44:58+00:00,10,1,1644,zudio sale alaparaigal shortvideo shorts zudio trending 1million trending shortvideo
Ooru Bengaluru,2025-08-02 15:35:51+00:00,5100,67,1147508,westside sale on 1st august  westside sale bangalore zudio monsoonsale fashion discount fyp
Hack it with Megha,2025-02-03 05:30:04+00:00,1500,5,132213,zudio summer collection 2025 zudio zudiowomencollection
a to z sonam,2025-08-05 13:08:08+00:00,10,0,212,zudio sale zudio zudiostoretour shopping shorts
Minal Chawle,2025-07-19 09:30:05+00:00,48,2,2251,comment your favzudio zudiohaul haulvideo youtubeshorts
Things 2 Know With Me ,2025-07-14 10:45:05+00:00,8,4,2424,zudio footwear collections  zudio  things 2 know with me zudio zudiofootwear zudioshoppingvlog
Aishwarya Gupta,2025-06-08 15:28:27+00:00,259,0,52432,zudio cheek shine  zudio makeup zudio zudiomakeup
Ritika Khurana,2025-03-05 05:34:12+00:00,4600,32,541188,hit or a miss zudio affordable fashion shorts
Baishali Saha,2024-08-07 05:00:19+00:00,1600,19,293120,zudio sale 2024 1 august  zudio minivlog viral
BeYourBest Shorts,2023-08-04 06:11:24+00:00,31000,76,448962,zudio shopping for college  zudio college haul  beyourbest beyourbestofficial
DramaTickle Error,2025-08-11 16:42:42+00:00,41,0,2855,zudio new shades   zudio nailpolish zudiohaul
RJ Diaries tamil,2025-08-05 18:57:18+00:00,21,0,1370,august 1st offer  zudio  chennai
Ira Sankrityayan,2025-01-22 14:30:38+00:00,619,9,69156,zudio accessories shopping 2025   handbags shoes watches jewellery  morezudio shorts
Dora vlogs,2025-08-02 15:33:39+00:00,10,0,57,zudio collection 2025  zudio latest collection 2025 zudio zudio zudioshoppingvlog shorts
# I am Noob,2025-08-10 11:54:44+00:00,21,0,5776,mensfashion fashion minivlog shopping zudio find chepest
Sanju Lifestyle ,2024-06-30 06:58:08+00:00,22000,217,966571,zudio a big mistake ashortaday zudio minivlog
Aakanksha's corner,2025-06-02 14:22:41+00:00,518,2,43996,zudio pinteresty jewellery at just 49 zudio zudiohaul shorts ytshorts
Dakshuvlogs1613,2025-08-04 13:56:58+00:00,0,6,2733,zudio sale collection from 1st aug  dakshuvlogs1613 youtube shorts zudio sale collection
Rushali Tambe ,2024-11-11 14:05:01+00:00,1000,15,104377,zudio winter collection
Vlogsofsona,2024-11-19 12:35:08+00:00,64000,106,1614203,zudio shopping vlog    vlogsofsona  zudioshop zudio minivlog
Shivani Damani,2025-06-19 17:41:02+00:00,75000,130,9200001,zudio candy lipstick set of 6 nude lipstick from zudio zudio lipstick
Velli Krish Vlogs,2025-08-01 14:56:53+00:00,176,21,26140,zudio sale 2025 august  zudio sale 2025  zudio haul  zudio summer sale 2025 zudiosale
saiprasanna jatoth,2023-05-24 12:54:38+00:00,199000,623,7187349,zudio lo shopping starting price 79shopping
Tanmay Ed vlogs,2023-09-08 02:30:15+00:00,492,16,40105,zudio shopping formal rap system travel shoppingvlog zudio
Navida's Good life,2025-08-08 15:22:17+00:00,27,1,2420,zudio sale 2025  zudio summer collection 2025  zudio haul  zudio zudio viral trending
aimensglow,2025-06-15 08:42:45+00:00,4800,21,350622,zudio makeup haul  lips edition zudio zudiomakeup zudiohaul lipstickhaul 2025 honestreview
shimic my home,2025-06-12 16:44:48+00:00,320,3,38504,zudio summer collection 2025  zudio latest collection 2025  zudio zudio shorts trending
HeyItsAanchal,2025-07-30 16:31:09+00:00,248,4,20146,zudio deo sprays for 99 heyitsaanchal
Aashna K ,2025-07-02 14:37:57+00:00,10,0,3103,zudio latest collection ytshorts trending viral clothing zudio haul
Aalsi Ayushi,2025-03-20 13:30:19+00:00,655,0,105430,zudio summer collection 2025  zudio kurti collection under 299  zudio cotton kurti under 299
jasmine kaur,2025-08-02 12:49:11+00:00,104,12,18289,zudio sale 2025  zudio sale  zudio sale 2025 1 august  zudio shopping  summer collection zudio
Purely Anjali,2025-08-10 08:00:53+00:00,0,0,4485,zudio random finds anjaliunfiltered trending shorts viral zudio dilkajohaalhai
shimic my home,2025-06-15 06:30:11+00:00,138,20,21256,zudio summer collection 2025  zudio latest collection 2025  zudio haul  zudio shopping  zudio
Harman Bhullar,2025-05-10 17:06:22+00:00,2400,6,258856,zudio may month jewellery haul zudiozudiofindszudiohaulzudiohaulvideotrendingzudiojewelleryyt
kavya Rise,2025-08-13 06:33:37+00:00,2,3,483,zudio new sale collection shorts fashion zudio zudiohaul zudiosale kavyarise viralvideo
SlaySim ,2025-08-01 10:30:36+00:00,0,6,1884,zudio skincare review  budget glow or big nozudio zudioskincare realreviews zudiohaulvideo
Aarusha Vlogs,2025-08-02 15:30:59+00:00,0,1,3905,zudio sale august zudio zudiosale2025
Rena Goswami,2025-05-06 11:30:20+00:00,0,32,1214882,zudio dry shampoohair viralvideo shorts hairstyle trending funny skincare haircare diy
Pooja Gautam,2025-07-31 18:11:22+00:00,27,3,1156,zudio sale zudio zudiosale2025 sale trending trendingshorts youtubeshorts youtube video
Divyansh's Odessey,2022-11-19 16:32:54+00:00,13000,94,485910,zudio 2024 collection very cheqp price
Shelly Emmanuel,2025-08-04 16:54:34+00:00,0,0,2624,zudio makeup finds  zudio sale  products on sale zudiofinds zudiohaul makeup sale
Naushad Vlogger,2025-08-02 04:00:12+00:00,30,6,3142,zudio sale 2025 1 august  zudio sale live  zudio summer collection 2025  zudio haul
My Dream Catcher ,2025-08-08 17:07:34+00:00,5,0,922,sale sale sale biggest sale in zudio shortsfeed shorts shortvideo  viral youtubeshorts
Healthy and beautiful world,2025-07-14 09:10:41+00:00,73,2,8021,zudio latest collectiontrending fashion dress shortvideo zudioshopping
Sicily Xavi,2025-08-03 04:45:06+00:00,17,3,3394,zudio sale 2025 august  zudio sale 2025  zudio haul  zudio summer sale 2025 zudiosale
shimic my home,2025-07-30 16:04:05+00:00,86,15,24484,zudio sale 2025  zudio  zudio sale zudiosale zudio zudiosale2025
Clicks of love,2025-06-14 17:00:31+00:00,648,0,35521,zudio finds beauty products zudio trending shorts viral
Saifivlogs2.0,2025-05-07 16:28:11+00:00,235,1,14823,zudio summer collection 2025
Find Your Style with ME,2025-08-03 09:06:53+00:00,219,1,11128,zudio sale picks from just 29 zudiosale
Dewansh Soni Official,2023-05-04 16:46:22+00:00,251000,221,4702281,zudio me hui chori minivlog viralshort indorecity ytshort  zudio
Abhilasha Gupta,2024-04-23 13:51:57+00:00,1200,33,57633,applying zudios sheet mask of rs 49 only  zudio zudiofinds sheetmaskreview youtubeshorts
Rc Star ,2025-07-01 01:45:24+00:00,25,0,2502,zudio new kid  collection 2025 ytshorts fashion zudio maxfashionshopping shorts viralmusic
Alisha Singh,2024-10-26 14:30:24+00:00,768,3,45923,zudio latest diwali sale collection minivlog vlog vlogs diwali zudio zudioshopping fashion
Ayisha Sana,2025-07-06 10:14:44+00:00,0,51,33155,cute finds from zudio  zudiofinds u
Desidime,2023-09-11 05:21:07+00:00,2000,8,247799,zudio footwear edition zudio haul footwear shopping
Trending fashion ,2025-05-28 15:27:48+00:00,141,0,33387,zudio shopping makeup shopping zudio
VijayVision,2023-06-12 15:21:48+00:00,203,5,11497,affordable brand zudio zirakpur shorts zudio shopping travel  viral
Mahe Diaries,2025-01-03 11:30:38+00:00,0,10,31140,zudio sale 2025dont go on weekendssale end jan 30mahevlogztrendingzudiosale2025shorts
Sasi Deepthi,2025-06-26 11:30:58+00:00,106,4,8197,shopping at zudio shopping zudio trending viral shorts fashion sale
"Flavours, Fits & Flights",2025-08-08 12:31:02+00:00,15,4,1371,zudio haul  dresses under 499trending fashion ootd zudio youtubeshorts ytshorts viral l
Amaan Vlog,2025-08-02 04:33:00+00:00,54,5,6043,zudio sale 2025 1st to 31st august   zudio sale  zudio haul
DiCap Scoop,2025-07-31 14:21:08+00:00,3200,30,331136,zudio offersadeigapa offers  zudio
Shopping Secrets ,2025-08-05 04:30:05+00:00,25,1,3430,zudio sale 2025  zudio sale  zudio sale 2025 1 august  zudio shopping  summer collectionl zudio
Sicily Xavi,2025-08-13 02:30:06+00:00,7,1,478,zudio sale 2025  zudio sale  zudio sale 2025 1 august  zudio shopping  summer collection  zudio
Harsh kem vlogs,2025-08-03 18:50:00+00:00,81,9,6275,westside sale 2025  westside sale haul for men  westside sale vs zudio sale latest collection 2025
Huda ka hunar,2025-08-01 09:10:00+00:00,58,3,4474,zudio latest collection 2025  starting 29  zudio haul  zudio shopping  zudio summer collection
Anu Singh Choudhary ,2025-08-10 06:00:52+00:00,0,0,1489,zudio is doing home delivery meesho fashionjewellery minivlog fashion zudio viral
Bilu vlog ,2025-04-01 05:38:12+00:00,47000,0,4342976,zudio  shortvideo zudio dress mall familyvlog yutubeshorts vairalshort
Komal Bhutada,2025-08-09 03:26:00+00:00,2,0,245,zudio sale start from 1st august shorts shortvideo youtubeshorts zudiotour zudio shopping
Pooja & Poonam,2025-08-12 14:30:39+00:00,16,1,1757,zudio mini skincare products zudio trending ytshorts youtubeshorts
Youdeservetheworld,2025-07-29 12:34:45+00:00,204,2,27040,causal wear from zudio zudiohaul zudio trending viral shorts zudiofinds meeshohaul meesho
Shreengaaar,2025-04-04 06:53:29+00:00,66000,217,1411729,part 2  beauty products from zudio shreengaaar beauty
Sassy Visions,2025-08-11 08:11:38+00:00,2,0,836,zudio sale collection zudio shots shopping viralvideo guwahativlog zudiocollection zudioindia
Grow and Glow,2025-08-01 18:43:43+00:00,3,0,354,zudio latest collection zudio zudiohaulvideo zudiowomencollection trending shortsvideos
Seema maurya,2025-04-20 12:59:04+00:00,2700,15,179767,zudio latest collection  zudio zudioshopping zudiocollection shorts shortsfeed
Aakriti Jain,2025-08-08 10:30:07+00:00,0,2,5075,zudio  latest sale everything under 399 full store tour  try on crazy deals
Ishitavlogs,2025-08-02 10:27:00+00:00,8,2,725,zudio new summer collection zudiosale shopping sale zudio zudioshopping zudiohaul fashion
The Libra Girl,2025-08-09 01:30:25+00:00,17,0,1124,zudio sale trending creativecontentcreator fashiontrends viralvideo digitalcreator zudio fyp
Chhavi's Lifestyle,2025-07-31 09:16:29+00:00,43,0,5291,31 july  sale live    zudio zudioshoppingvlog live discount sale july august
NAV.JEWELS,2025-08-06 13:33:28+00:00,8,0,214,zudio sale haul under rs 99youtubeshorts zudio zudiohaulvideo sale shopping accessories
Explorer Techie,2025-08-03 03:30:03+00:00,5,0,1098,zudio 2025 sale is live dont miss out
Riya Devanshi Vlogs,2025-06-03 13:58:27+00:00,62000,147,2277299,doing free makeup in zudio challenge  i do full makeup for free shorts challenge
The Glorious Girl,2025-08-11 15:34:39+00:00,15,2,1144,zudio episode 3  shortsfeed viral zudio zudiocollection trending shorts thegloriousgirl
Sugan Spot,2025-08-08 14:43:37+00:00,83,0,10487,zudio flat 50 offer  aadisale  zudio shopping  suganspot  zudio sale
Pradhyas World,2025-08-11 11:17:34+00:00,0,0,1643,zudio sale from 99 only trending shopping trending viralvideo fashion
Shalini Gupta,2025-04-25 12:30:29+00:00,30000,53,4067605,zudio summer finds  zudio zudiohaul zudiofinds haul outfits dress viral fyp shorts
the brownbeauty,2025-04-22 16:43:50+00:00,376,3,61534,zudio finds  zudio zudiofinds zudiohaul makeup meesho meeshofinds skincare dmart shorts
bhoomi goswami,2025-08-11 18:29:06+00:00,7,0,1103,zudio shopping dailyvlog shorts trending new collection
rekha tijore,2025-08-09 13:27:27+00:00,7,0,277,best offer sales in zudio start at 299 kurti sales kurtifashion offer zudio zudioshoppingvlog
ThaniOruvan,2025-08-04 11:56:53+00:00,11,5,3086,zudio shopping zudioshopping  zudio ytshorts
Shreya Arora,2025-07-31 17:39:32+00:00,191,0,15749,zudios biggest sale of the season  chasingflavours minivlog zudio
Rena Goswami,2025-07-28 11:30:35+00:00,1200,13,104918,shoe charms from zudioviralvideo youtubeshorts shorts hairstyle fashion diy skincare bts
Dizzling Divya,2025-08-10 16:24:51+00:00,6,1,1704,zudio mini haul zudio zudioindia zudioshoppingvlog zudiomakeup zudiokanpur zudiosale2025
Unbox & Glow,2025-07-31 08:56:22+00:00,5,0,1176,get ready for zudios biggest sale  starts 31st july fashion steals loadingzudio sale 2025
Vlogsofsona,2023-12-07 10:36:30+00:00,72000,188,1331430,mini shopping vlog   vlogsofsona  shopping shoppingvlog zudio diml
Farhan Vlogger,2025-08-02 02:30:02+00:00,184,30,17798,zudio sale 2025  zudio sale  zudio sale 2025 1 august  zudio shopping  summer collection  zudio
gopichand ,2025-08-12 08:30:27+00:00,23,0,1651,zudio salezudio zudioshoppingvlog teluguvlogs bangalore
Nishthaniraya ,2025-08-10 04:45:47+00:00,0,7,1341,zudio monsoon sale zudio sale zudiotour zudiohaul shorts shopping youtube shortsvideo yt
Mansi-Loves-Fashion,2025-07-03 16:30:23+00:00,242,8,19857,zudio summer collection 2025   affordable fashion store tour in gurugram
Harish Radha,2025-08-07 12:51:51+00:00,260,2,15781,like share comment shopping zudio
AswathyAchu,2025-08-01 13:42:51+00:00,56,2,3451,zudio sale under 499 minivlog sale shopping
Sejal Mishra,2025-07-01 12:52:23+00:00,707,8,58058,zudio ka itna sasta monsoon collection  zudio  shortsfeed trending viralvideo
"Phoenix Marketcity, Mumbai",2025-07-31 18:29:00+00:00,3,0,23568,fashion drop alert the westside and zudio sale is now live at phoenix marketcity mumbai
Sonali Yadav,2025-08-10 05:30:11+00:00,10,0,862,zudio sale  trending love sale viralvideo ytshorts shorts minivlog new like viral zudio
Enaildiaries,2025-06-02 12:13:19+00:00,492,8,48223,have you tried these new zudio jelly nail polishes  zudio
SUSMITA SUS,2025-03-27 09:50:37+00:00,0,8,364732,010 zudio newly launch beauty products
June pill,2022-10-09 16:19:36+00:00,23000,89,740102,makeup products starting 29zudio makeup shopping junepill
Sakshi Sharma,2025-08-11 15:09:32+00:00,16,0,1692,best lipshade from zudio under 150rs shortsbeta ytshorts shortsvideo cosmetics
Details By Haimanti,2025-08-03 12:33:14+00:00,4,0,419,zudio jewellery haul under 150  zudio zudioshoppingvlog viralvideo trendingshorts
Sweet mona,2025-08-10 06:03:58+00:00,21,1,5828,zudio mackup zudiozudiomackupzudiosalecollectionzudiosaleshoppingfashionshortsytshorts
Sonal vlog,2025-08-01 16:13:57+00:00,61,2,1031,zudio sale 2025 zudio zudiowomencollection zudiosale2025 haul sale2025 zudioshoppingvlog
VlogNFood ‍,2025-08-02 13:45:02+00:00,47,0,3996,zudio sale 2025  zudio sale  zudio sale 2025 1 august  zudio latest collection zudio shorts yt
BhatakBhavani,2025-07-31 14:00:25+00:00,91,0,9900,zudio sale is live now zudio trending viral love shortsfeed pune fashion lifestyle saree
aarurajputt,2025-08-10 07:38:35+00:00,15,2,1720,i tried zudios rakhi festive sale deals
Akanksha The Xplorer,2025-08-02 15:27:52+00:00,16,0,1807,zudio sale is live now zudiofashion sale2025
lon (Life Of Ni ),2025-06-28 12:51:01+00:00,0,0,2051,zudio findsrun to your nearest zudio song zudio zudiofinds
Nikita Singh,2025-08-08 08:09:23+00:00,7,1,754,zudio sale mens collection zudio zudiotour zudiohaulvideo viral trending menscollection
The rj rider,2025-08-07 06:24:08+00:00,0,5,8991,zudio me shoes nahi mile short ytshort minivlog trending like zudio youtuneshorts
all about me,2025-08-10 05:48:35+00:00,7,0,1571,zudio sale haul zudio sale shopping youtubeshorts viralvideo
Tanya Gupta,2025-07-17 15:47:25+00:00,5,0,1161,zudio shopping with me shopping fashion withme zudio
Rishika,2025-08-09 15:39:23+00:00,12,2,1814,westside sale haul sale shorts zudio westside
Jenuzz Vlogs,2024-08-03 14:11:45+00:00,18000,98,632961,zudio offer   zudio kottayam
Nanthini ,2025-08-08 11:59:59+00:00,7,0,1606,zudio sale
Aalsi Ayushi,2025-07-30 13:30:45+00:00,112,0,12791,zudio raksha bandhan collection 2025   festive kurtis ethnic sets  more starting 299 zudio
Aishwarya Gupta,2025-08-02 16:20:00+00:00,47,0,4492,zudio makeup review in detail zudio makeup zudiobeauty zudiomakuep
Maya tinyworld,2025-06-30 17:02:12+00:00,31,3,2901,1st july sale on zudio includezudio zudiofashion zudioindia shopping fashion  trending
Mushraf Qureshi,2025-04-15 11:25:00+00:00,124000,164,4258277,zudio se bina bill pay kiye samaan le aayeyoutubeshorts shorts zudio zudioexperiment mushraf
No face Diaries!,2025-06-28 16:17:28+00:00,17,0,1398,zudio shopping
Sanu’s Duniya,2025-07-14 06:05:32+00:00,4300,10,202697,zodio re 500 challengeaffordable shopping haulshopping zudiobhubaneswar sanusduniya
rekha tijore,2025-08-09 18:35:33+00:00,9,2,2093,zudio sale starting 199 zudio sale sales zudioshoppingvlog zudioindia zudiosale2025 shorts
Chiky Sharma ,2025-06-18 10:26:45+00:00,243,2,19571,zudio haul under 100 zudio must buy itemschiky sharma zudio
Rj Kadak,2025-07-31 05:55:31+00:00,38,1,3073,zudio sale start crazy offers zudio zudioshoppingvlog zudiosale2025
Piyu's amazing world ,2025-07-29 11:24:26+00:00,31,0,2542,zudio latest collection zudio viral youtubeshorts youtube shopping
Anoushka Sarkar,2024-04-14 08:09:47+00:00,1700,6,236390,lipgloss from zudio zudio lipgloss haul
kiya sauren,2025-08-08 10:32:42+00:00,66,0,6410,i styled her under 500 from the zudio shorts zudio zudioindia youtubeshorts challenge
Harman Bhullar,2025-03-07 14:31:23+00:00,82000,106,3490217,zudio new jewellery collection  zudiofindszudiohaulvideozudiohaulzudiojewelleryjewelleryhaul
pj home maker,2025-08-03 10:42:56+00:00,6,3,1160,zudio sale reality  sale zudio ytshorts shorts
Beअनोखे,2025-07-30 15:31:51+00:00,5,0,324,zudio summer collection trend clothing shopping trending songshorts ytshorts viralvideoyt
Shweta Jaiswal,2025-08-12 17:50:28+00:00,8,0,2106,zudio  zudioshoppingvlog youtubeshorts youtube shortsvideo shorts
Tanuja Choudhary,2024-04-20 06:54:09+00:00,84000,189,2676098,trying the cheapest zudio makeup  zudio zudiohaul zudiomakeup cheapmakeup makeup
Sassy Visions,2025-08-07 18:54:47+00:00,3,0,497,zudio women dresses at 399 only shots zudiocollection zudioshoppingvlog zudio viralvideo
Ramya Srinivaas,2025-08-10 17:32:27+00:00,4,0,1091,worst zudio sale  worst experience 2025 sale do subscribe and like
Arpita Dafadar ,2025-08-09 10:27:13+00:00,7,0,726,gold accessories sale zudio kolkata
Sayyad Mannan,2025-08-11 07:30:03+00:00,5,2,1083,zudio the sale youve been waiting for shorts
Bhanu Bunchkey,2025-07-20 15:17:00+00:00,10,0,978,mini shoppingvlog zudioshopping shopping zudio minivlog viral outing shop trendingyt
Suhana Akbar,2025-04-18 11:48:13+00:00,14000,40,476276,my fav affordable finds from zudio  shorts makeup
Shailesh Chaulagain,2025-08-03 02:31:26+00:00,4200,14,379194,scam in zudioshortsviraltrendingviralshaileshchaulagain
Stories of ANU,2025-07-30 08:37:42+00:00,42,0,2821,this or that zudio  style union in 30 seconds  shortsfeed zudio shorts
Tanya Khanna,2025-06-19 07:57:16+00:00,1800,12,117517,must have from zudio under 899  shorts shopping zudio zudioshoppingvlog zudioindia ytshorts
DaysWithAishu,2025-08-12 14:00:15+00:00,0,0,912,zudio shopping time  shorts shortsfeed dayswithaishu shopping
Alex Sameer Vlogs ,2025-07-24 13:30:19+00:00,0,15,49237,zudio biggest sale  youtubeshorts vlog minivlog zudio dailyvlog
jiya singh,2025-08-13 08:23:41+00:00,8,0,1509,mini vlog viral ytshorts youtubeshorts trending fyp love explore shopping zudio miniso
Little Big Wonders- Working mom,2025-08-09 16:37:46+00:00,9,0,1538,mini vlogzudio shopping haul subscribelikeviralshortstrendinghaulbudgetfriendly
Glow Glam,2025-07-29 07:24:09+00:00,27,3,1708,zudio ladies footwear 2025 zudio zudioshoes zudiohaulvideo zudiohaul deblina zudiotour yt
thenishusinha,2025-06-23 18:54:46+00:00,21,3,2236,zudio zudiohaul zudiofinds shopping zudiosummercollection subscribe shorts shortvideo like
P{}{}j@,2025-05-09 17:08:48+00:00,53000,202,4720457,just zudio things love fashion wedding jewellery zudio trending food trendingshorts grwm
Teraiya Shivam,2025-08-06 13:38:55+00:00,0,1,9655,why zudio not online income reality shorts
FOODIE SHWETA,2025-08-10 12:30:29+00:00,9,0,918,sale aayi hai zudio mein fashion milega budget mein zudio sale zudioshoppingvlog shopping
Harshal Redkar,2025-07-17 03:33:45+00:00,394,1,33092,zudio latest collection zudio western wear zudio zudioshoppingvlog zudiohaulvideo zudioindia
ViankaLooks&Style,2025-08-12 17:00:54+00:00,12,0,1858,beautiful clothes under300  zudio trending fashion onlineshopping shorts shopping
Explorer Zeeshan,2025-07-31 02:51:24+00:00,9,0,204,zudio mens shoes collection  shorts zudio shoes ytshorts
CHILL WITH SREE,2025-07-31 18:07:54+00:00,441,12,15771,youtubeshorts trendingshorts zudiohaulvideo zudioshoppingvlog zudio
Aishwarya Gupta,2025-06-13 13:56:42+00:00,249,8,38762,zudio matte lipstick  zudio makeup zudio zudiomakeup
Kasare's Kitchen & Travel,2025-08-03 15:04:57+00:00,8,0,474,zudio sale 2025  zudio august sale live  zudio zudiosale shorts
Anakhaaaahh,2025-08-02 09:10:16+00:00,0,2,2539,zudio salenew trending makeup beautyfashion fashiontrends zudio bloopers makeup malayalam
Harman Bhullar,2025-05-12 06:35:22+00:00,345,0,65301,zudio summer collection zudiozudiofindszudiohaulzudiohaulvideotrendingzudioshoppingvlogvlog
Aesthetics by me ,2025-06-15 12:11:39+00:00,4,0,1337,zudio finds six colorful rubberbands  shortsfeed ytshortsindia zudio zudiofinds
VlogNFood ‍,2025-08-04 06:04:00+00:00,33,0,3329,zudio sale 2025  zudio sale  zudio sale 2025 1 august  zudio summer collection 2025 yt shorts
Harsh kem vlogs,2025-08-01 16:53:14+00:00,222,11,8092,zudio sale 2025  zudio summer sale haul zudio zudiosale zudioshopping
Pooja kaushal,2025-06-30 14:00:47+00:00,29000,656,3481062,sharam kar lo ladko  zudio zudioshoppingvlog soppingvlog likeandsubscribe youtubeshorts
Niyati Diaries ,2025-07-19 11:07:10+00:00,43,0,4318,zudio latest collection zudio zudiohaul zudiofinds newcollection shorts ytshorts
SanoosWorld,2025-06-07 15:36:40+00:00,46,1,3763,chavakkad zudiochavakkad zudioshoppingvlog zudioindia zudio shopping eidspecial viral
Life With Jully,2025-08-08 02:49:59+00:00,33,2,1272,zudio biggest sale raksha bandhan 2025 ytshorts shortsfeed shorts shopping marketing offers
SECRETS OF RUHI ,2025-07-16 13:41:04+00:00,0,29,42382,zudio exposedzudio reality shots youtubeshorts
Your Bae‍♀️,2025-08-04 13:25:31+00:00,22,4,1442,zudio nailpolish zudio nailpaint nailart cgl nail zudiotour
Mamta Negi,2024-07-03 18:46:03+00:00,0,4,120857,zudio latest footwear collectionat 299only shorts zudio footwear fashion latestcollection
SWAGGER SHIVANI VLOGS,2025-04-27 13:42:02+00:00,40000,76,942018,my zudio haul  mom ke credit card  se shopping ki hai youtubeshorts shopping shorts vlog
GLAM WITH ARDHRA,2025-08-03 15:04:57+00:00,181,5,14730,199  zudio offer sale   zudio newshorts new glamwithardhra
Scoop of Dushtumi ,2025-08-08 09:21:41+00:00,6,0,1390,zudio sale   ytshorts zudio shorts viral trending
Radhika Jagtap,2024-05-08 14:30:11+00:00,30000,478,1500517,truth about zudio lip beauty products top 3 major fails wasted money zudiomakeup honestreview
Arshia ,2025-08-12 15:40:58+00:00,5,1,725,zudio new collection  of august zudioindia zudio minivlog ytshort viralshorts
The Kritika Factor,2025-05-26 07:05:59+00:00,3400,12,202519,i found the cutesttt things at zudio   pinteresty zudio finds  zudio zudioshoppingvlog
Tamjeeda Sk,2025-08-01 12:30:17+00:00,22,0,1678,zudio sale 2025 in august zudio zudiohaul zudiosale2025 ytshorts viral zudioshopping sale
vine vlogs ,2025-08-12 13:42:41+00:00,12,1,840,zudio finds new kurti collection shortvideo song grwm zudio zudiowomencollection zudiofinds
Dipa Nnita Roy,2025-07-17 14:50:48+00:00,220,5,8637,zudio new collection 2025 zudio zudioshoppingvlog zudiohaulvideo viral
Vels Life Routine,2023-11-05 12:36:10+00:00,21000,125,390199,worst quality  zudio clothes review  tamil  vel
Saanvi's wonderland,2024-05-27 08:03:57+00:00,26000,252,902275,i went to zudio for the first time shorts youtubeshorts
Velli Krish Vlogs,2024-02-27 08:30:24+00:00,26000,93,878383,zudio new makeup collection 2024 zudio makeup haul latest video zudio zudiohaul zudiomakeup
Amna,2025-08-10 19:39:01+00:00,23,4,2372,a little too cheap zudio haul zudio zudiohaul zudiohaulvideo clothinghaul affordablefinds
Dm diaries ,2025-07-23 05:12:17+00:00,6500,50,873745,zudio slipper ya  funnyshorts viralshort zudio zudioindia trendingshorts trendingshorts
Sta Vibes,2025-06-26 13:24:10+00:00,159,3,9897,zudio 2025 cargo collection zudio new cargo stock shorts zudio ytshorts
KALUA ,2025-07-31 11:27:57+00:00,322,17,12155,zudio sale is live zudiosale2025 zudiosale zudiohaul zudiotour zudioshoppingvlog shorts
Pratz World,2025-07-31 17:58:57+00:00,14,0,2655,zudio sale started
AswathyAchu,2025-08-02 06:05:08+00:00,45,0,3605,zudio sale under 499 shopping minivlog
TanyaDushyant vlogs,2024-07-05 16:43:47+00:00,0,19,247884,affordable baby fashion cute outfits under 150 from zudio zudio baby clothing trending
My happy space ,2025-05-24 12:24:00+00:00,6100,42,308575,zudio shopping   zudio tamil zudioshopping shopping minivlog
shimic my home,2025-07-26 06:32:30+00:00,198,2,18117,zudio summer collection 2025  latest collection 2025  zudio  zudio sale 2025 zudio trending
Anshika’s World ,2025-08-12 12:52:55+00:00,28,3,1083,zudio products all under 199  minivlog zudio shortsvideo family zudioshoppingvlog ytshorts
Komal Gaikwad Vlogs,2025-07-30 06:30:16+00:00,8,2,993,trying zudio jewellery shortfeed zudio jewellery fashion fashionstyle jewelry shorts reels
praveen dahima ,2025-08-01 04:35:00+00:00,43,0,3103,zudio sale 31 july to 31st 2025 collection zudio zudiosale shorts
Unbox & Glow,2025-07-31 17:34:38+00:00,7,0,1493,zudio sale 2025  everything under 499 clothes footwear innerwear steal deal
Smart Cooking With Uzma,2025-08-13 09:39:09+00:00,4,1,1142,zudio sale 2025 shorts zudiofootwear zudiosummercollection summersalezudio zudiosale explore
Shivanii Sharma ,2024-04-03 14:21:39+00:00,17000,35,1137849,zudio ki shopping in 149shortsvideo shortsviral ytshorts zudio summercollection shopping
KALUA ,2025-08-03 06:55:05+00:00,66,9,4957,zudio sale 2025  zudio sale  zudio sale 2025 1 august  zudio shopping  summer collection  zudio
shimic my home,2025-06-15 06:48:59+00:00,305,2,34647,zudio summer collection 2025  zudio latest collection 2025  zudio zudio shorts trending
Monalishar wonderland,2025-08-12 08:43:15+00:00,4,0,1102,20825 zudio collection youtubeshortsminivlog collectionshortvideo youtubeshortsytshort
PastelBliss._,2025-07-29 13:07:45+00:00,325,5,23857,zudio finds  zudio tamil vlog shopping
Rakshanda Birwadkar,2025-06-01 05:16:43+00:00,309,4,36184,zudio rainy footwear collection 2025starting at rs 299 only travel zudio shopping footwear
Alisha Singh,2025-07-29 12:52:00+00:00,42,2,2828,zudio latest summer collection minivlog vlog vlogs zudio zudioshoppingvlog zudiovlog haul
Navida's Good life,2025-08-01 11:04:23+00:00,11,4,1504,zudio sale 2025   zudio sale  zudio august sale  zudio haul  zudio summer sale 2025
Sassy Visions,2025-08-11 09:50:12+00:00,6,0,1127,zudio footwear collection shots shopping zudiocollection zudioshoppingvlog viralvideo zudio
My happy space ,2025-05-17 16:05:13+00:00,2500,20,201510,zudio shopping minivlog zudio shopping minivlog tamil zudioshopping coimbatore
Vidventures,2025-08-12 11:11:22+00:00,14,0,825,zudio sale haul sale haul shopping zudio trending shoppinghaul pinterest fashion
Komal Bhatt shorts ,2025-07-29 12:29:58+00:00,26,0,1559,zudio shopping haul with my husbands summer collection ytshorts zudio trending shorts
koi baat niiii_,2025-08-13 08:38:10+00:00,3,0,451,shopping becomes mandatory when theres a sale shopping zudio sale shorts
Urvashi Darbar,2025-07-29 06:30:19+00:00,15,3,1207,firse muje aaj zudio me jana pada ytshorts shopping zudio
Harman Bhullar,2025-03-13 12:02:17+00:00,2000,19,182620,zudios hottest red collectionzudiofindszudiohaulvideozudiohaulzudioshoppingvlogpinterestinspo
Foodie Bharathi,2024-02-27 10:32:00+00:00,31000,34,1436796,zudio la 79rs ku ivlo collections ahfree testing vera shorts zudio dmart miniso shopping
Bindass Kavya Shorts,2025-07-07 11:51:47+00:00,36000,308,1161126,zudio makeup collection under 200 only bindaaskavya kavyalifestyle skincareroutine minivlog
PrasannaaBharath,2025-07-30 17:27:43+00:00,25,0,1827,shopping trendingshorts shopping zudio westside hyderabadshopping ytshorts yt zudioindia
Berelatable,2025-06-28 03:30:36+00:00,14,0,810,zudio summer latest collection zudio summercollection fashion lifestyle pratibhachand shorts
Explorer Jessica,2025-08-01 05:30:32+00:00,16,10,2527,zudio sale 2025  zudio august sale 2025  zudio sale is live explorerjessica
FlywithAvni,2025-08-11 09:58:19+00:00,5,0,1196,only 199 shopping viral trending zudio yousta trending
D’s routine ,2023-05-11 14:39:19+00:00,10000,57,854476,comparison series 2  kurtis for women  chennai maxfashion westsidezudiolifestylekurtis
BHAWANYA CREATIONS,2025-06-25 16:33:00+00:00,72,36,14678,zudio sale 2025 is coming zudiosale zudio ytshorts trendingshorts
Gunjan Swami,2025-08-08 21:15:32+00:00,0,0,1665,zudio new launch lipstick  zudio makeup finds  zudio sale new viralvideo viral zudio
LahAn Diaries,2025-08-11 10:20:45+00:00,451,12,4051,anil kosam shopping  india lo zudio yelaago ikkada net alaa anamaatatelugu minivlog fun love
Anupallavi Gowda,2025-07-27 12:30:01+00:00,11000,55,358615,zudio haul anupallavig pavithraskitchenr3k
ShrutiprasadArts,2025-06-11 04:06:35+00:00,61000,242,2593544,zudio tag art art artist shorts shrutiprasadarts painting zudio tag
Seema maurya,2025-06-20 12:59:00+00:00,1100,10,79920,zudio latest collection  zudio zudiolatestcollection zudioshopping shortsfeed shorts
officialnutangoswami,2025-07-30 05:59:26+00:00,1,0,756,zudio ytshorts zudiowomencollection zudiosale2025 beautyblogger goodvibes  liveupdates
Aakriti Jain,2025-08-07 15:10:58+00:00,0,2,3572,zudio latest makeup collection under rs99 sale zudiosale2025 zudio makeup under99
Aesthetic ranithakur,2025-08-12 14:16:35+00:00,12,0,635,zudio sale is live  cosmetics starting price 49  everything under 499 summer sale is live
Naturally curious ,2025-08-06 09:47:54+00:00,0,2,1452,zudio sale 2025 august trending trendingshorts sale zudio zudioshoppingvlog zudiohaulvideo
Roniya Khatwaani,2025-08-12 14:29:36+00:00,13,4,650,zudio new collection zudiohaulvideo shortvideo shorts shopping trending
Her Vibes Only,2025-08-10 13:19:40+00:00,8,0,1538,zudio shopping zudio shopping foryou youtubeshorts shorts
Miss Khushi Vlogs,2025-08-09 08:01:41+00:00,40,14,3911,zudio sale 2025 august  everything under 399  zudio summer collection 2025  miss khushi vlogs
Dylan Tarot ,2025-08-12 21:12:35+00:00,646,44,30359,music song automobile audio love 80smusic musicsong taromancia lecturacartas sad
The Aesthetics,2025-07-22 17:12:20+00:00,20,5,1761,zudio summer collection 2025  latest collection 2025  zudio  zudio sale 2025 zudio trending
glam with khushbu,2025-08-01 09:55:04+00:00,37,17,4899,zudio sale 2025  zudio sale  zudio sale 2025 1 august  zudio shopping  summer collection  zudio
CandYmAn Vlog,2025-08-03 05:18:28+00:00,20,7,1482,zudio sale 2025 offer  starts at just 99  zudio summer collection  zudio shopping
Sayee Say,2025-08-13 14:52:52+00:00,0,0,1664,zudio shopping mini vlogshorts viral youtubeshorts ytshorts trendingyoutube shortvideo zudio
